 ,Area,Mean,Min,Max,Major,Minor,Angle,Circ.,AR,Round,Solidity
1,443,255,255,255,24.954,22.603,157.624,0.881,1.104,0.906,0.934
2,290,255,255,255,21.744,16.981,2.222,0.891,1.281,0.781,0.932
3,361,255,255,255,22.670,20.275,53.014,0.821,1.118,0.894,0.914
4,466,255,255,255,25.961,22.855,13.799,0.876,1.136,0.880,0.937
5,306,255,255,255,21.304,18.288,43.094,0.887,1.165,0.858,0.930
6,273,255,255,255,20.041,17.344,113.315,0.904,1.156,0.865,0.925
7,296,255,255,255,21.202,17.775,131.662,0.828,1.193,0.838,0.926
8,273,255,255,255,20.146,17.254,51.069,0.894,1.168,0.856,0.933
9,330,255,255,255,21.892,19.193,10.525,0.923,1.141,0.877,0.936
10,293,255,255,255,19.927,18.721,51.005,0.856,1.064,0.939,0.933
11,343,255,255,255,22.124,19.740,83.743,0.905,1.121,0.892,0.927
12,259,255,255,255,18.283,18.037,167.928,0.626,1.014,0.987,0.803
13,292,255,255,255,20.627,18.024,90.192,0.891,1.144,0.874,0.930
14,287,255,255,255,19.495,18.744,6.954,0.629,1.040,0.961,0.879
15,349,255,255,255,22.315,19.913,75.605,0.758,1.121,0.892,0.911
16,390,255,255,255,23.699,20.953,105.489,0.771,1.131,0.884,0.899
17,340,255,255,255,22.807,18.981,120.083,0.867,1.202,0.832,0.934
18,320,255,255,255,20.503,19.872,91.514,0.874,1.032,0.969,0.922
19,343,255,255,255,22.244,19.633,2.362,0.905,1.133,0.883,0.933
20,298,255,255,255,23.533,16.123,50.085,0.808,1.460,0.685,0.918
21,363,255,255,255,21.927,21.079,147.969,0.905,1.040,0.961,0.947
22,267,255,255,255,20.328,16.723,55.475,0.782,1.216,0.823,0.907
23,376,255,255,255,23.201,20.634,114.488,0.907,1.124,0.889,0.938
24,488,255,255,255,26.690,23.280,18.430,0.897,1.146,0.872,0.947
25,355,255,255,255,24.349,18.564,80.567,0.885,1.312,0.762,0.939
26,433,255,255,255,26.723,20.630,97.513,0.879,1.295,0.772,0.941
27,303,255,255,255,21.269,18.139,119.959,0.863,1.173,0.853,0.922
28,347,255,255,255,22.265,19.843,1.750,0.900,1.122,0.891,0.930
29,352,255,255,255,24.103,18.595,153.005,0.892,1.296,0.771,0.939
30,487,255,255,255,26.490,23.408,172.064,0.921,1.132,0.884,0.946
31,295,255,255,255,20.668,18.174,58.691,0.877,1.137,0.879,0.926
32,294,255,255,255,20.512,18.249,75.355,0.913,1.124,0.890,0.935
33,333,255,255,255,21.489,19.731,60.415,0.858,1.089,0.918,0.925
34,259,255,255,255,19.301,17.086,78.263,0.950,1.130,0.885,0.954
35,278,255,255,255,20.569,17.208,140.135,0.896,1.195,0.837,0.922
36,308,255,255,255,21.603,18.153,33.573,0.827,1.190,0.840,0.924
37,347,255,255,255,22.587,19.560,70.323,0.722,1.155,0.866,0.904
38,356,255,255,255,22.100,20.510,2.173,0.902,1.077,0.928,0.937
39,351,255,255,255,22.606,19.769,52.327,0.764,1.144,0.874,0.898
40,341,255,255,255,22.695,19.131,133.587,0.858,1.186,0.843,0.925
41,221,255,255,255,16.964,16.587,79.358,0.620,1.023,0.978,0.820
42,299,255,255,255,21.535,17.678,30.416,0.873,1.218,0.821,0.921
43,461,255,255,255,26.015,22.563,132.000,0.917,1.153,0.867,0.947
44,494,255,255,255,31.537,19.944,88.410,0.777,1.581,0.632,0.897
45,354,255,255,255,22.513,20.021,21.351,0.891,1.124,0.889,0.939
46,291,255,255,255,22.099,16.766,149.366,0.850,1.318,0.759,0.921
47,356,255,255,255,23.482,19.303,27.286,0.896,1.217,0.822,0.933
48,409,255,255,255,24.388,21.353,61.410,0.636,1.142,0.876,0.892
49,296,255,255,255,20.299,18.567,12.691,0.910,1.093,0.915,0.932
50,275,255,255,255,19.911,17.585,175.799,0.728,1.132,0.883,0.874
51,354,255,255,255,23.999,18.781,141.741,0.775,1.278,0.783,0.912
52,375,255,255,255,24.012,19.884,23.371,0.864,1.208,0.828,0.928
53,356,255,255,255,23.732,19.100,71.743,0.887,1.243,0.805,0.934
54,421,255,255,255,27.097,19.782,34.523,0.900,1.370,0.730,0.944
55,399,255,255,255,24.889,20.411,131.439,0.761,1.219,0.820,0.902
56,454,255,255,255,25.502,22.667,138.933,0.933,1.125,0.889,0.959
57,335,255,255,255,21.220,20.101,41.951,0.915,1.056,0.947,0.932
58,321,255,255,255,21.009,19.454,75.398,0.905,1.080,0.926,0.933
59,403,255,255,255,24.630,20.833,61.715,0.920,1.182,0.846,0.956
60,236,255,255,255,22.212,13.528,26.974,0.842,1.642,0.609,0.927
61,342,255,255,255,21.609,20.151,63.508,0.947,1.072,0.933,0.954
62,325,255,255,255,24.046,17.209,34.279,0.878,1.397,0.716,0.938
63,385,255,255,255,25.938,18.899,22.166,0.882,1.372,0.729,0.934
64,307,255,255,255,21.150,18.482,153.789,0.903,1.144,0.874,0.933
65,288,255,255,255,23.026,15.925,142.440,0.786,1.446,0.692,0.913
66,346,255,255,255,22.132,19.905,18.592,0.891,1.112,0.899,0.931
67,477,255,255,255,27.043,22.458,173.513,0.921,1.204,0.830,0.947
68,357,255,255,255,23.320,19.492,39.836,0.926,1.196,0.836,0.944
69,284,255,255,255,22.955,15.752,168.697,0.703,1.457,0.686,0.899
70,241,255,255,255,23.933,12.821,174.824,0.804,1.867,0.536,0.923
71,436,255,255,255,23.705,23.418,46.644,0.924,1.012,0.988,0.949
72,340,255,255,255,23.915,18.102,89.790,0.882,1.321,0.757,0.930
73,314,255,255,255,22.192,18.015,154.030,0.934,1.232,0.812,0.944
74,334,255,255,255,21.530,19.752,132.137,0.840,1.090,0.917,0.901
75,356,255,255,255,23.285,19.466,177.984,0.820,1.196,0.836,0.915
76,302,255,255,255,21.451,17.925,115.783,0.805,1.197,0.836,0.912
77,425,255,255,255,24.659,21.944,154.412,0.762,1.124,0.890,0.910
78,259,255,255,255,19.849,16.614,167.219,0.906,1.195,0.837,0.935
79,372,255,255,255,23.085,20.517,167.034,0.852,1.125,0.889,0.921
80,421,255,255,255,24.859,21.563,2.661,0.881,1.153,0.867,0.931
81,472,255,255,255,27.127,22.154,148.820,0.875,1.224,0.817,0.947
82,256,255,255,255,18.663,17.465,135.605,0.888,1.069,0.936,0.931
83,204,255,255,255,18.397,14.119,56.985,0.629,1.303,0.767,0.850
84,377,255,255,255,22.802,21.052,0.721,0.763,1.083,0.923,0.900
85,277,255,255,255,21.527,16.384,148.560,0.925,1.314,0.761,0.942
86,337,255,255,255,22.161,19.362,32.632,0.927,1.145,0.874,0.940
87,241,255,255,255,23.251,13.197,6.880,0.674,1.762,0.568,0.862
88,316,255,255,255,21.109,19.060,177.868,0.869,1.107,0.903,0.935
89,316,255,255,255,21.020,19.141,146.239,0.930,1.098,0.911,0.946
90,472,255,255,255,26.433,22.735,178.785,0.911,1.163,0.860,0.944
91,354,255,255,255,22.648,19.901,25.618,0.903,1.138,0.879,0.934
92,389,255,255,255,22.666,21.852,78.393,0.905,1.037,0.964,0.937
93,191,255,255,255,16.815,14.463,81.114,0.555,1.163,0.860,0.840
94,375,255,255,255,23.080,20.688,7.985,0.845,1.116,0.896,0.931
95,334,255,255,255,22.453,18.940,155.339,0.808,1.185,0.844,0.919
96,280,255,255,255,19.947,17.873,130.068,0.900,1.116,0.896,0.935
97,437,255,255,255,26.142,21.284,4.601,0.804,1.228,0.814,0.903
98,358,255,255,255,21.836,20.875,110.233,0.945,1.046,0.956,0.947
99,391,255,255,255,23.302,21.364,141.527,0.928,1.091,0.917,0.947
100,273,255,255,255,20.039,17.346,72.938,0.919,1.155,0.866,0.953
101,318,255,255,255,20.922,19.352,157.329,0.912,1.081,0.925,0.934
102,462,255,255,255,24.895,23.629,172.973,0.898,1.054,0.949,0.940
103,400,255,255,255,23.041,22.104,6.455,0.902,1.042,0.959,0.933
104,409,255,255,255,25.966,20.056,13.094,0.894,1.295,0.772,0.941
105,381,255,255,255,24.168,20.072,120.949,0.845,1.204,0.830,0.928
106,360,255,255,255,22.643,20.243,102.852,0.832,1.119,0.894,0.923
107,244,255,255,255,22.742,13.661,151.271,0.840,1.665,0.601,0.912
108,387,255,255,255,23.237,21.205,15.704,0.900,1.096,0.913,0.937
109,318,255,255,255,21.600,18.745,79.311,0.912,1.152,0.868,0.933
110,410,255,255,255,25.226,20.694,159.541,0.817,1.219,0.820,0.914
111,357,255,255,255,22.272,20.409,171.483,0.770,1.091,0.916,0.904
112,237,255,255,255,19.618,15.382,97.254,0.731,1.275,0.784,0.896
113,253,255,255,255,19.661,16.384,9.540,0.928,1.200,0.833,0.944
114,260,255,255,255,20.195,16.393,96.487,0.808,1.232,0.812,0.915
115,403,255,255,255,25.312,20.271,8.638,0.900,1.249,0.801,0.939
116,337,255,255,255,23.260,18.447,84.742,0.927,1.261,0.793,0.945
117,376,255,255,255,22.100,21.662,36.983,0.928,1.020,0.980,0.954
118,268,255,255,255,27.268,12.514,160.163,0.653,2.179,0.459,0.887
119,429,255,255,255,24.334,22.447,75.473,0.923,1.084,0.922,0.946
120,329,255,255,255,20.882,20.060,134.341,0.927,1.041,0.961,0.945
121,365,255,255,255,22.853,20.336,18.564,0.938,1.124,0.890,0.955
122,460,255,255,255,25.282,23.167,129.838,0.934,1.091,0.916,0.948
123,240,255,255,255,22.786,13.411,177.023,0.801,1.699,0.589,0.920
124,476,255,255,255,27.931,21.699,115.463,0.901,1.287,0.777,0.944
125,353,255,255,255,22.779,19.731,36.334,0.894,1.154,0.866,0.931
126,259,255,255,255,23.346,14.125,97.980,0.751,1.653,0.605,0.909
127,392,255,255,255,23.848,20.929,31.231,0.889,1.139,0.878,0.936
128,347,255,255,255,22.422,19.705,74.808,0.954,1.138,0.879,0.952
129,348,255,255,255,23.610,18.767,176.415,0.888,1.258,0.795,0.933
130,280,255,255,255,23.639,15.082,147.193,0.803,1.567,0.638,0.899
131,321,255,255,255,22.259,18.362,5.866,0.905,1.212,0.825,0.937
132,181,255,255,255,16.958,13.590,130.220,0.736,1.248,0.801,0.883
133,428,255,255,255,26.193,20.805,7.033,0.921,1.259,0.794,0.953
134,159,255,255,255,16.501,12.269,121.864,0.887,1.345,0.744,0.927
135,220,255,255,255,19.468,14.388,29.456,0.717,1.353,0.739,0.880
136,259,255,255,255,24.469,13.477,105.155,0.762,1.816,0.551,0.912
137,277,255,255,255,21.441,16.449,123.390,0.925,1.303,0.767,0.941
138,378,255,255,255,23.141,20.798,142.160,0.914,1.113,0.899,0.944
139,278,255,255,255,19.352,18.291,112.042,0.820,1.058,0.945,0.914
140,387,255,255,255,25.212,19.544,51.067,0.781,1.290,0.775,0.923
141,276,255,255,255,21.253,16.535,169.562,0.904,1.285,0.778,0.936
142,336,255,255,255,21.036,20.337,20.774,0.940,1.034,0.967,0.945
143,263,255,255,255,19.847,16.872,155.825,0.912,1.176,0.850,0.924
144,274,255,255,255,20.364,17.132,107.975,0.800,1.189,0.841,0.915
145,449,255,255,255,26.600,21.492,2.225,0.844,1.238,0.808,0.915
146,386,255,255,255,24.463,20.090,59.638,0.919,1.218,0.821,0.940
147,429,255,255,255,27.460,19.891,52.886,0.884,1.381,0.724,0.940
148,438,255,255,255,26.475,21.064,26.746,0.908,1.257,0.796,0.942
149,478,255,255,255,27.147,22.419,66.367,0.879,1.211,0.826,0.940
150,319,255,255,255,22.369,18.158,131.702,0.925,1.232,0.812,0.933
151,386,255,255,255,24.864,19.766,136.088,0.904,1.258,0.795,0.941
152,408,255,255,255,23.958,21.683,164.731,0.905,1.105,0.905,0.940
153,321,255,255,255,21.581,18.939,2.611,0.898,1.140,0.878,0.943
154,222,255,255,255,19.799,14.277,75.941,0.735,1.387,0.721,0.869
155,323,255,255,255,20.951,19.629,96.369,0.895,1.067,0.937,0.938
156,299,255,255,255,20.265,18.786,173.042,0.896,1.079,0.927,0.937
157,423,255,255,255,24.498,21.985,179.325,0.904,1.114,0.897,0.944
158,406,255,255,255,23.911,21.619,124.790,0.907,1.106,0.904,0.951
159,278,255,255,255,21.168,16.721,178.678,0.812,1.266,0.790,0.919
160,320,255,255,255,21.208,19.211,127.527,0.918,1.104,0.906,0.938
161,400,255,255,255,25.219,20.195,80.939,0.893,1.249,0.801,0.935
162,491,255,255,255,28.001,22.326,53.774,0.892,1.254,0.797,0.941
163,281,255,255,255,20.611,17.359,122.754,0.880,1.187,0.842,0.921
164,315,255,255,255,21.519,18.638,101.806,0.927,1.155,0.866,0.945
165,370,255,255,255,24.336,19.358,48.638,0.916,1.257,0.795,0.940
166,386,255,255,255,23.691,20.745,38.561,0.890,1.142,0.876,0.938
167,390,255,255,255,23.482,21.147,53.950,0.899,1.110,0.901,0.940
168,404,255,255,255,24.308,21.162,154.206,0.905,1.149,0.871,0.935
169,331,255,255,255,21.769,19.360,80.846,0.819,1.124,0.889,0.931
170,369,255,255,255,24.334,19.307,130.464,0.913,1.260,0.793,0.940
171,271,255,255,255,19.981,17.269,3.101,0.915,1.157,0.864,0.928
172,339,255,255,255,21.425,20.146,62.544,0.894,1.063,0.940,0.938
173,249,255,255,255,19.778,16.029,67.392,0.834,1.234,0.810,0.915
174,376,255,255,255,22.571,21.210,43.173,0.770,1.064,0.940,0.907
175,368,255,255,255,23.293,20.116,107.838,0.829,1.158,0.864,0.921
176,325,255,255,255,23.281,17.775,13.529,0.858,1.310,0.763,0.930
177,259,255,255,255,20.421,16.148,167.958,0.874,1.265,0.791,0.923
178,387,255,255,255,22.919,21.499,109.384,0.906,1.066,0.938,0.935
179,213,255,255,255,17.047,15.909,84.685,0.791,1.072,0.933,0.906
180,319,255,255,255,23.264,17.459,12.229,0.862,1.332,0.750,0.926
181,371,255,255,255,23.301,20.272,62.626,0.895,1.149,0.870,0.932
182,355,255,255,255,23.393,19.322,42.363,0.906,1.211,0.826,0.939
183,409,255,255,255,33.759,15.426,11.974,0.627,2.189,0.457,0.836
184,384,255,255,255,24.294,20.125,26.417,0.885,1.207,0.828,0.941
185,381,255,255,255,24.850,19.522,80.122,0.898,1.273,0.786,0.951
186,422,255,255,255,27.450,19.574,28.091,0.857,1.402,0.713,0.934
187,484,255,255,255,26.356,23.382,36.208,0.921,1.127,0.887,0.948
188,367,255,255,255,25.151,18.579,95.777,0.846,1.354,0.739,0.914
189,356,255,255,255,22.482,20.161,22.527,0.908,1.115,0.897,0.942
190,443,255,255,255,27.223,20.719,26.673,0.876,1.314,0.761,0.921
191,226,255,255,255,18.642,15.436,112.602,0.723,1.208,0.828,0.874
192,398,255,255,255,23.934,21.173,76.962,0.923,1.130,0.885,0.950
193,375,255,255,255,22.650,21.080,74.396,0.859,1.074,0.931,0.929
194,264,255,255,255,19.478,17.257,157.907,0.906,1.129,0.886,0.931
195,307,255,255,255,20.479,19.087,103.500,0.927,1.073,0.932,0.946
196,466,255,255,255,26.668,22.249,41.682,0.857,1.199,0.834,0.942
197,419,255,255,255,24.551,21.730,40.413,0.910,1.130,0.885,0.938
198,361,255,255,255,23.310,19.718,151.108,0.906,1.182,0.846,0.941
199,361,255,255,255,24.815,18.523,58.086,0.900,1.340,0.746,0.944
200,254,255,255,255,20.231,15.986,132.407,0.906,1.266,0.790,0.925
201,288,255,255,255,20.135,18.212,128.067,0.943,1.106,0.904,0.944
202,344,255,255,255,21.945,19.959,51.388,0.851,1.100,0.909,0.911
203,234,255,255,255,18.137,16.427,18.307,0.886,1.104,0.906,0.911
204,330,255,255,255,22.699,18.510,48.474,0.917,1.226,0.815,0.935
205,346,255,255,255,22.041,19.987,75.641,0.929,1.103,0.907,0.941
206,320,255,255,255,21.969,18.546,100.729,0.918,1.185,0.844,0.938
207,485,255,255,255,27.877,22.152,45.435,0.899,1.258,0.795,0.940
208,241,255,255,255,17.889,17.153,36.437,0.877,1.043,0.959,0.916
209,383,255,255,255,24.844,19.628,98.460,0.897,1.266,0.790,0.942
210,334,255,255,255,24.708,17.212,83.153,0.903,1.436,0.697,0.945
211,446,255,255,255,28.884,19.660,137.516,0.881,1.469,0.681,0.929
212,252,255,255,255,19.798,16.206,92.858,0.835,1.222,0.819,0.925
213,375,255,255,255,23.162,20.614,98.380,0.746,1.124,0.890,0.912
214,410,255,255,255,24.115,21.648,112.597,0.930,1.114,0.898,0.948
215,349,255,255,255,23.587,18.839,54.519,0.905,1.252,0.799,0.945
216,322,255,255,255,20.964,19.556,44.242,0.914,1.072,0.933,0.943
217,395,255,255,255,23.745,21.180,118.701,0.931,1.121,0.892,0.953
218,364,255,255,255,23.382,19.821,1.555,0.929,1.180,0.848,0.947
219,295,255,255,255,19.814,18.957,109.659,0.840,1.045,0.957,0.905
220,347,255,255,255,24.262,18.210,98.968,0.831,1.332,0.751,0.925
221,241,255,255,255,18.262,16.803,154.244,0.846,1.087,0.920,0.901
222,265,255,255,255,20.048,16.830,4.947,0.938,1.191,0.839,0.935
223,296,255,255,255,20.913,18.021,133.431,0.927,1.160,0.862,0.943
224,324,255,255,255,22.637,18.224,61.803,0.913,1.242,0.805,0.940
225,437,255,255,255,26.003,21.398,81.635,0.920,1.215,0.823,0.944
226,263,255,255,255,22.307,15.011,77.656,0.696,1.486,0.673,0.854
227,253,255,255,255,19.485,16.532,122.372,0.921,1.179,0.848,0.932
228,338,255,255,255,23.287,18.481,74.263,0.892,1.260,0.794,0.936
229,242,255,255,255,18.947,16.263,83.294,0.849,1.165,0.858,0.908
230,428,255,255,255,24.610,22.144,170.154,0.901,1.111,0.900,0.937
231,240,255,255,255,19.423,15.732,33.821,0.555,1.235,0.810,0.854
232,480,255,255,255,25.651,23.826,33.483,0.927,1.077,0.929,0.949
233,418,255,255,255,24.687,21.558,166.101,0.899,1.145,0.873,0.939
234,211,255,255,255,19.225,13.974,177.028,0.940,1.376,0.727,0.946
235,279,255,255,255,20.451,17.370,177.696,0.851,1.177,0.849,0.924
236,248,255,255,255,20.313,15.545,140.380,0.711,1.307,0.765,0.895
237,287,255,255,255,20.596,17.743,162.648,0.908,1.161,0.861,0.936
238,360,255,255,255,25.472,17.995,71.131,0.882,1.416,0.706,0.941
239,345,255,255,255,22.996,19.102,19.337,0.702,1.204,0.831,0.881
240,388,255,255,255,23.582,20.949,71.310,0.903,1.126,0.888,0.928
241,343,255,255,255,21.291,20.512,0.558,0.890,1.038,0.963,0.936
242,260,255,255,255,19.187,17.253,56.710,0.895,1.112,0.899,0.920
243,272,255,255,255,20.958,16.525,136.417,0.908,1.268,0.788,0.932
244,372,255,255,255,23.550,20.112,52.891,0.885,1.171,0.854,0.934
245,369,255,255,255,23.454,20.031,12.612,0.898,1.171,0.854,0.934
246,393,255,255,255,24.101,20.762,7.013,0.835,1.161,0.861,0.927
247,283,255,255,255,19.817,18.182,9.220,0.913,1.090,0.917,0.923
248,443,255,255,255,29.535,19.097,75.972,0.831,1.547,0.647,0.916
249,242,255,255,255,18.961,16.250,142.390,0.615,1.167,0.857,0.867
250,440,255,255,255,24.839,22.554,151.642,0.886,1.101,0.908,0.943
251,234,255,255,255,18.434,16.163,117.100,0.920,1.140,0.877,0.932
252,380,255,255,255,25.961,18.637,44.661,0.884,1.393,0.718,0.937
253,332,255,255,255,24.140,17.511,126.653,0.855,1.379,0.725,0.929
254,222,255,255,255,18.306,15.441,172.298,0.910,1.186,0.843,0.925
255,441,255,255,255,27.445,20.459,79.446,0.869,1.341,0.745,0.948
256,319,255,255,255,21.797,18.634,106.510,0.922,1.170,0.855,0.949
257,354,255,255,255,23.347,19.305,47.067,0.842,1.209,0.827,0.932
258,281,255,255,255,21.310,16.790,86.990,0.893,1.269,0.788,0.945
259,219,255,255,255,18.027,15.468,111.411,0.926,1.165,0.858,0.936
260,237,255,255,255,21.639,13.945,84.676,0.718,1.552,0.644,0.894
261,245,255,255,255,18.140,17.197,122.946,0.790,1.055,0.948,0.893
262,254,255,255,255,19.367,16.698,72.915,0.804,1.160,0.862,0.890
263,257,255,255,255,18.626,17.568,121.615,0.917,1.060,0.943,0.940
264,253,255,255,255,20.890,15.420,131.770,0.861,1.355,0.738,0.922
265,385,255,255,255,24.170,20.281,32.236,0.887,1.192,0.839,0.934
266,250,255,255,255,20.692,15.383,135.382,0.955,1.345,0.743,0.952
267,269,255,255,255,21.488,15.939,136.748,0.874,1.348,0.742,0.918
268,246,255,255,255,19.124,16.378,64.610,0.695,1.168,0.856,0.840
269,387,255,255,255,26.125,18.861,27.093,0.803,1.385,0.722,0.893
270,270,255,255,255,21.090,16.300,110.931,0.901,1.294,0.773,0.931
271,350,255,255,255,24.342,18.307,167.283,0.872,1.330,0.752,0.922
272,231,255,255,255,18.645,15.775,120.574,0.928,1.182,0.846,0.922
273,428,255,255,255,24.064,22.646,168.386,0.901,1.063,0.941,0.945
274,227,255,255,255,18.057,16.006,179.986,0.912,1.128,0.886,0.938
275,275,255,255,255,21.358,16.394,175.996,0.824,1.303,0.768,0.924
276,481,255,255,255,26.616,23.010,21.613,0.843,1.157,0.864,0.936
277,345,255,255,255,22.245,19.747,26.557,0.790,1.126,0.888,0.908
278,236,255,255,255,17.792,16.889,29.946,0.920,1.053,0.949,0.918
279,470,255,255,255,40.714,14.698,7.342,0.590,2.770,0.361,0.872
280,253,255,255,255,20.260,15.900,142.005,0.921,1.274,0.785,0.934
281,263,255,255,255,21.098,15.872,21.987,0.808,1.329,0.752,0.916
282,281,255,255,255,21.596,16.567,174.834,0.857,1.304,0.767,0.926
283,298,255,255,255,21.609,17.559,174.576,0.849,1.231,0.813,0.909
284,391,255,255,255,23.781,20.934,43.426,0.799,1.136,0.880,0.919
285,329,255,255,255,20.959,19.986,73.663,0.927,1.049,0.954,0.947
286,397,255,255,255,24.208,20.880,36.278,0.915,1.159,0.863,0.941
287,341,255,255,255,21.330,20.355,15.896,0.913,1.048,0.954,0.949
288,225,255,255,255,18.565,15.431,22.395,0.896,1.203,0.831,0.916
289,223,255,255,255,17.828,15.926,143.722,0.903,1.119,0.893,0.918
290,327,255,255,255,21.631,19.248,65.021,0.915,1.124,0.890,0.936
291,282,255,255,255,21.164,16.965,116.153,0.797,1.247,0.802,0.900
292,381,255,255,255,24.277,19.982,117.169,0.878,1.215,0.823,0.934
293,337,255,255,255,22.950,18.696,154.006,0.874,1.228,0.815,0.934
294,233,255,255,255,20.509,14.465,117.322,0.831,1.418,0.705,0.917
295,326,255,255,255,23.709,17.507,168.422,0.699,1.354,0.738,0.899
296,300,255,255,255,23.320,16.380,106.034,0.687,1.424,0.702,0.900
297,298,255,255,255,20.057,18.917,143.998,0.877,1.060,0.943,0.911
298,272,255,255,255,19.709,17.572,129.684,0.951,1.122,0.892,0.946
299,253,255,255,255,20.684,15.574,143.636,0.816,1.328,0.753,0.900
300,356,255,255,255,22.130,20.482,121.345,0.917,1.080,0.926,0.934
301,226,255,255,255,18.492,15.561,178.624,0.889,1.188,0.842,0.921
302,311,255,255,255,22.588,17.530,46.860,0.886,1.289,0.776,0.923
303,327,255,255,255,20.618,20.193,158.259,0.945,1.021,0.979,0.952
304,344,255,255,255,21.072,20.786,88.006,0.886,1.014,0.986,0.926
305,315,255,255,255,22.823,17.573,169.278,0.866,1.299,0.770,0.931
306,440,255,255,255,24.022,23.321,108.800,0.941,1.030,0.971,0.951
307,307,255,255,255,23.310,16.769,30.248,0.616,1.390,0.719,0.846
308,306,255,255,255,22.591,17.246,5.135,0.887,1.310,0.763,0.927
309,319,255,255,255,22.960,17.690,140.814,0.659,1.298,0.770,0.894
310,151,255,255,255,18.153,10.591,127.375,0.855,1.714,0.583,0.926
311,246,255,255,255,18.316,17.101,143.324,0.787,1.071,0.934,0.883
312,248,255,255,255,20.015,15.776,37.631,0.921,1.269,0.788,0.934
313,398,255,255,255,23.384,21.671,52.193,0.932,1.079,0.927,0.945
314,492,255,255,255,35.549,17.622,118.990,0.671,2.017,0.496,0.859
315,279,255,255,255,21.326,16.658,144.300,0.907,1.280,0.781,0.935
316,311,255,255,255,21.000,18.856,136.876,0.932,1.114,0.898,0.942
317,296,255,255,255,20.828,18.095,68.081,0.910,1.151,0.869,0.940
318,263,255,255,255,19.108,17.525,42.137,0.857,1.090,0.917,0.908
319,162,255,255,255,17.976,11.474,128.571,0.836,1.567,0.638,0.910
320,308,255,255,255,21.803,17.986,130.409,0.932,1.212,0.825,0.939
321,359,255,255,255,22.192,20.597,7.653,0.925,1.077,0.928,0.946
322,259,255,255,255,21.460,15.366,23.585,0.865,1.397,0.716,0.927
323,480,255,255,255,26.558,23.012,70.476,0.941,1.154,0.866,0.955
324,310,255,255,255,21.840,18.072,48.620,0.905,1.209,0.827,0.935
325,279,255,255,255,20.615,17.232,4.172,0.914,1.196,0.836,0.944
326,362,255,255,255,25.211,18.283,169.648,0.908,1.379,0.725,0.951
327,458,255,255,255,26.525,21.985,61.147,0.916,1.206,0.829,0.950
328,353,255,255,255,21.826,20.593,83.417,0.916,1.060,0.944,0.939
329,279,255,255,255,22.121,16.058,119.271,0.803,1.378,0.726,0.906
330,318,255,255,255,22.547,17.957,148.886,0.906,1.256,0.796,0.931
331,308,255,255,255,22.252,17.624,95.156,0.906,1.263,0.792,0.936
332,299,255,255,255,21.506,17.702,46.345,0.919,1.215,0.823,0.937
333,314,255,255,255,21.536,18.564,69.010,0.907,1.160,0.862,0.936
334,297,255,255,255,21.656,17.461,149.171,0.947,1.240,0.806,0.949
335,286,255,255,255,20.176,18.049,23.471,0.929,1.118,0.895,0.938
336,292,255,255,255,23.040,16.136,179.946,0.679,1.428,0.700,0.889
337,295,255,255,255,20.831,18.031,119.245,0.893,1.155,0.866,0.923
338,275,255,255,255,19.434,18.017,46.600,0.894,1.079,0.927,0.932
339,369,255,255,255,24.805,18.941,144.924,0.864,1.310,0.764,0.934
340,365,255,255,255,22.377,20.769,136.784,0.883,1.077,0.928,0.922
341,393,255,255,255,24.547,20.385,38.619,0.906,1.204,0.830,0.946
342,264,255,255,255,19.626,17.127,90.477,0.891,1.146,0.873,0.923
343,357,255,255,255,22.535,20.170,55.034,0.896,1.117,0.895,0.942
344,321,255,255,255,22.383,18.260,5.451,0.928,1.226,0.816,0.947
345,295,255,255,255,19.983,18.796,82.046,0.907,1.063,0.941,0.942
346,455,255,255,255,31.349,18.480,148.463,0.804,1.696,0.589,0.930
347,273,255,255,255,21.149,16.436,159.357,0.803,1.287,0.777,0.921
348,294,255,255,255,20.723,18.064,178.906,0.928,1.147,0.872,0.942
349,297,255,255,255,21.512,17.579,102.813,0.890,1.224,0.817,0.930
350,292,255,255,255,20.565,18.078,161.253,0.914,1.138,0.879,0.936
351,270,255,255,255,20.366,16.880,69.182,0.901,1.207,0.829,0.942
352,323,255,255,255,22.862,17.989,126.568,0.943,1.271,0.787,0.950
353,309,255,255,255,20.582,19.116,174.302,0.902,1.077,0.929,0.921
354,256,255,255,255,19.374,16.824,78.800,0.895,1.152,0.868,0.923
355,283,255,255,255,20.443,17.626,3.707,0.952,1.160,0.862,0.954
356,295,255,255,255,20.092,18.695,34.598,0.910,1.075,0.930,0.931
357,403,255,255,255,25.598,20.045,87.058,0.886,1.277,0.783,0.949
358,323,255,255,255,21.274,19.332,111.261,0.882,1.100,0.909,0.934
359,265,255,255,255,21.677,15.565,133.706,0.878,1.393,0.718,0.930
360,320,255,255,255,22.371,18.213,38.274,0.895,1.228,0.814,0.928
361,318,255,255,255,20.682,19.577,70.860,0.875,1.056,0.947,0.926
362,203,255,255,255,18.290,14.132,115.714,0.896,1.294,0.773,0.919
363,289,255,255,255,19.408,18.959,120.548,0.866,1.024,0.977,0.917
364,298,255,255,255,26.326,14.413,148.585,0.781,1.827,0.547,0.896
365,361,255,255,255,26.718,17.204,154.270,0.724,1.553,0.644,0.876
366,309,255,255,255,20.514,19.178,56.002,0.943,1.070,0.935,0.939
367,292,255,255,255,20.476,18.157,99.588,0.921,1.128,0.887,0.943
368,416,255,255,255,25.894,20.455,80.441,0.901,1.266,0.790,0.947
369,435,255,255,255,25.019,22.138,171.074,0.922,1.130,0.885,0.950
370,282,255,255,255,20.495,17.519,136.726,0.941,1.170,0.855,0.945
371,460,255,255,255,28.058,20.874,95.491,0.876,1.344,0.744,0.935
372,309,255,255,255,22.062,17.833,150.881,0.656,1.237,0.808,0.901
373,205,255,255,255,20.570,12.689,41.926,0.501,1.621,0.617,0.755
374,298,255,255,255,21.434,17.702,170.150,0.926,1.211,0.826,0.940
375,299,255,255,255,20.945,18.176,109.091,0.912,1.152,0.868,0.936
376,280,255,255,255,20.706,17.218,25.157,0.886,1.203,0.832,0.933
377,279,255,255,255,20.040,17.726,1.537,0.949,1.131,0.885,0.946
378,281,255,255,255,22.520,15.887,159.560,0.873,1.418,0.705,0.934
379,260,255,255,255,20.700,15.993,152.778,0.909,1.294,0.773,0.934
380,274,255,255,255,20.663,16.884,14.262,0.897,1.224,0.817,0.932
381,244,255,255,255,19.059,16.301,96.133,0.940,1.169,0.855,0.946
382,317,255,255,255,21.979,18.364,75.214,0.894,1.197,0.836,0.936
383,355,255,255,255,23.452,19.273,152.190,0.899,1.217,0.822,0.937
384,303,255,255,255,21.492,17.951,35.926,0.645,1.197,0.835,0.858
385,288,255,255,255,20.994,17.466,77.467,0.895,1.202,0.832,0.935
386,327,255,255,255,23.047,18.065,153.424,0.938,1.276,0.784,0.953
387,386,255,255,255,28.357,17.331,12.782,0.796,1.636,0.611,0.916
388,285,255,255,255,20.712,17.520,126.632,0.892,1.182,0.846,0.933
389,389,255,255,255,23.359,21.204,117.722,0.911,1.102,0.908,0.938
390,362,255,255,255,26.320,17.512,165.308,0.753,1.503,0.665,0.895
391,475,255,255,255,26.156,23.122,152.969,0.879,1.131,0.884,0.939
392,293,255,255,255,21.040,17.731,2.701,0.901,1.187,0.843,0.944
393,290,255,255,255,20.366,18.131,22.352,0.925,1.123,0.890,0.935
394,340,255,255,255,26.124,16.571,175.750,0.750,1.576,0.634,0.902
395,278,255,255,255,21.169,16.721,168.937,0.870,1.266,0.790,0.919
396,304,255,255,255,19.754,19.595,121.793,0.881,1.008,0.992,0.923
397,358,255,255,255,23.672,19.256,24.674,0.907,1.229,0.813,0.937
398,334,255,255,255,21.909,19.410,80.610,0.919,1.129,0.886,0.932
399,469,255,255,255,28.381,21.041,38.918,0.857,1.349,0.741,0.937
400,280,255,255,255,20.443,17.439,88.123,0.797,1.172,0.853,0.905
401,322,255,255,255,20.935,19.584,22.015,0.908,1.069,0.935,0.936
402,369,255,255,255,24.408,19.249,76.554,0.898,1.268,0.789,0.937
403,266,255,255,255,19.314,17.536,16.380,0.574,1.101,0.908,0.865
404,285,255,255,255,22.092,16.425,16.477,0.786,1.345,0.743,0.909
405,276,255,255,255,20.154,17.436,128.294,0.939,1.156,0.865,0.937
406,298,255,255,255,23.414,16.205,123.874,0.909,1.445,0.692,0.940
407,284,255,255,255,21.424,16.879,3.839,0.770,1.269,0.788,0.899
408,305,255,255,255,20.668,18.789,120.764,0.875,1.100,0.909,0.941
409,298,255,255,255,21.492,17.654,175.170,0.923,1.217,0.821,0.949
410,403,255,255,255,25.072,20.466,43.725,0.929,1.225,0.816,0.948
411,249,255,255,255,19.946,15.895,115.925,0.906,1.255,0.797,0.924
412,275,255,255,255,20.075,17.442,161.024,0.826,1.151,0.869,0.893
413,332,255,255,255,21.535,19.630,27.381,0.952,1.097,0.912,0.950
414,364,255,255,255,23.046,20.110,179.314,0.944,1.146,0.873,0.953
415,264,255,255,255,20.739,16.208,90.187,0.765,1.280,0.782,0.864
416,281,255,255,255,19.916,17.965,29.379,0.844,1.109,0.902,0.909
417,260,255,255,255,23.252,14.237,41.626,0.681,1.633,0.612,0.858
418,294,255,255,255,22.389,16.719,85.756,0.904,1.339,0.747,0.939
419,275,255,255,255,20.013,17.495,27.351,0.918,1.144,0.874,0.931
420,164,255,255,255,17.933,11.644,15.450,0.854,1.540,0.649,0.921
421,310,255,255,255,21.813,18.095,43.676,0.750,1.205,0.830,0.892
422,302,255,255,255,20.299,18.943,110.266,0.891,1.072,0.933,0.919
423,302,255,255,255,22.243,17.287,31.982,0.851,1.287,0.777,0.924
424,256,255,255,255,21.462,15.187,88.508,0.564,1.413,0.708,0.849
425,333,255,255,255,23.204,18.272,158.269,0.855,1.270,0.787,0.935
426,161,255,255,255,16.979,12.074,15.862,0.908,1.406,0.711,0.944
427,308,255,255,255,20.237,19.378,86.834,0.930,1.044,0.958,0.945
428,306,255,255,255,23.592,16.515,140.028,0.871,1.429,0.700,0.934
429,328,255,255,255,24.477,17.062,173.230,0.644,1.435,0.697,0.893
430,368,255,255,255,24.644,19.013,22.271,0.856,1.296,0.772,0.932
431,262,255,255,255,19.674,16.956,62.526,0.752,1.160,0.862,0.907
432,320,255,255,255,21.639,18.829,153.629,0.895,1.149,0.870,0.929
433,271,255,255,255,20.028,17.228,166.830,0.915,1.163,0.860,0.936
434,301,255,255,255,24.045,15.939,79.147,0.834,1.509,0.663,0.932
435,327,255,255,255,22.811,18.252,99.710,0.899,1.250,0.800,0.933
436,319,255,255,255,21.521,18.873,56.518,0.932,1.140,0.877,0.941
437,279,255,255,255,20.336,17.468,152.279,0.860,1.164,0.859,0.904
438,167,255,255,255,18.688,11.378,147.024,0.870,1.642,0.609,0.920
439,386,255,255,255,27.242,18.041,136.293,0.864,1.510,0.662,0.931
440,309,255,255,255,20.646,19.056,107.852,0.880,1.083,0.923,0.920
441,433,255,255,255,24.406,22.589,167.851,0.912,1.080,0.926,0.941
442,345,255,255,255,23.590,18.621,1.783,0.895,1.267,0.789,0.940
443,438,255,255,255,28.481,19.581,12.525,0.810,1.455,0.688,0.921
444,268,255,255,255,22.700,15.032,38.033,0.855,1.510,0.662,0.924
445,354,255,255,255,22.723,19.835,120.659,0.934,1.146,0.873,0.939
446,427,255,255,255,25.790,21.081,152.719,0.927,1.223,0.817,0.946
447,306,255,255,255,20.757,18.770,59.903,0.752,1.106,0.904,0.899
448,272,255,255,255,20.022,17.297,178.227,0.737,1.157,0.864,0.902
449,285,255,255,255,25.249,14.372,43.743,0.773,1.757,0.569,0.906
450,280,255,255,255,20.547,17.351,104.470,0.586,1.184,0.844,0.856
451,303,255,255,255,20.090,19.203,99.290,0.914,1.046,0.956,0.944
452,300,255,255,255,22.605,16.898,14.270,0.899,1.338,0.748,0.926
453,302,255,255,255,27.027,14.227,46.104,0.573,1.900,0.526,0.865
454,297,255,255,255,20.844,18.142,108.114,0.825,1.149,0.870,0.903
455,346,255,255,255,23.493,18.752,83.477,0.829,1.253,0.798,0.923
456,303,255,255,255,20.408,18.904,154.547,0.901,1.080,0.926,0.924
457,407,255,255,255,25.398,20.404,45.661,0.839,1.245,0.803,0.906
458,296,255,255,255,21.385,17.623,18.107,0.910,1.213,0.824,0.940
459,424,255,255,255,26.398,20.451,66.793,0.918,1.291,0.775,0.958
460,393,255,255,255,26.146,19.138,99.186,0.878,1.366,0.732,0.939
461,314,255,255,255,21.825,18.318,91.643,0.864,1.191,0.839,0.925
462,288,255,255,255,19.717,18.598,31.889,0.936,1.060,0.943,0.937
463,456,255,255,255,27.610,21.029,169.095,0.904,1.313,0.762,0.948
464,281,255,255,255,21.151,16.916,2.800,0.873,1.250,0.800,0.917
465,257,255,255,255,22.442,14.580,14.081,0.899,1.539,0.650,0.945
466,336,255,255,255,22.364,19.129,61.020,0.887,1.169,0.855,0.929
467,327,255,255,255,22.642,18.388,47.918,0.786,1.231,0.812,0.906
468,379,255,255,255,23.222,20.780,177.241,0.929,1.118,0.895,0.948
469,328,255,255,255,21.798,19.159,91.487,0.859,1.138,0.879,0.915
470,220,255,255,255,17.810,15.728,87.882,0.910,1.132,0.883,0.928
471,253,255,255,255,21.828,14.758,96.966,0.598,1.479,0.676,0.865
472,261,255,255,255,21.322,15.585,25.970,0.696,1.368,0.731,0.871
473,306,255,255,255,22.813,17.078,7.419,0.821,1.336,0.749,0.920
474,425,255,255,255,25.349,21.347,89.586,0.881,1.187,0.842,0.931
475,306,255,255,255,22.453,17.352,107.844,0.887,1.294,0.773,0.929
476,368,255,255,255,22.721,20.622,74.491,0.882,1.102,0.908,0.929
477,322,255,255,255,20.922,19.596,149.712,0.940,1.068,0.937,0.942
478,302,255,255,255,21.379,17.986,99.666,0.725,1.189,0.841,0.882
479,424,255,255,255,23.549,22.925,162.189,0.887,1.027,0.974,0.934
480,485,255,255,255,35.340,17.474,174.513,0.565,2.023,0.494,0.833
481,319,255,255,255,23.684,17.149,121.448,0.877,1.381,0.724,0.938
482,274,255,255,255,21.322,16.362,130.707,0.851,1.303,0.767,0.909
483,345,255,255,255,23.248,18.895,117.105,0.917,1.230,0.813,0.949
484,290,255,255,255,21.224,17.397,49.729,0.901,1.220,0.820,0.927
485,212,255,255,255,18.247,14.793,140.328,0.916,1.233,0.811,0.924
486,268,255,255,255,20.839,16.374,154.818,0.587,1.273,0.786,0.836
487,296,255,255,255,21.834,17.261,27.835,0.858,1.265,0.791,0.928
488,280,255,255,255,21.264,16.766,1.535,0.893,1.268,0.788,0.932
489,179,255,255,255,18.088,12.600,121.719,0.911,1.435,0.697,0.927
490,325,255,255,255,22.573,18.332,155.927,0.837,1.231,0.812,0.919
491,269,255,255,255,20.839,16.435,55.846,0.923,1.268,0.789,0.944
492,299,255,255,255,21.462,17.738,9.012,0.837,1.210,0.827,0.923
493,271,255,255,255,21.662,15.929,54.443,0.607,1.360,0.735,0.854
494,369,255,255,255,23.390,20.086,84.571,0.791,1.164,0.859,0.908
495,309,255,255,255,21.630,18.189,145.822,0.708,1.189,0.841,0.878
496,462,255,255,255,26.510,22.189,84.895,0.911,1.195,0.837,0.946
497,381,255,255,255,22.317,21.737,140.564,0.913,1.027,0.974,0.941
498,230,255,255,255,18.362,15.948,62.177,0.940,1.151,0.869,0.954
499,425,255,255,255,25.311,21.379,110.255,0.920,1.184,0.845,0.954
500,358,255,255,255,23.542,19.362,18.160,0.907,1.216,0.822,0.937
501,408,255,255,255,25.274,20.554,88.838,0.905,1.230,0.813,0.940
502,294,255,255,255,22.904,16.344,66.112,0.881,1.401,0.714,0.930
503,238,255,255,255,19.414,15.609,173.768,0.891,1.244,0.804,0.928
504,381,255,255,255,24.477,19.819,45.892,0.838,1.235,0.810,0.915
505,490,255,255,255,26.566,23.484,44.270,0.933,1.131,0.884,0.954
506,248,255,255,255,18.895,16.711,126.922,0.921,1.131,0.884,0.929
507,276,255,255,255,20.809,16.887,150.816,0.800,1.232,0.812,0.911
508,265,255,255,255,20.345,16.584,156.068,0.895,1.227,0.815,0.914
509,488,255,255,255,27.324,22.740,130.476,0.862,1.202,0.832,0.924
510,252,255,255,255,18.786,17.080,135.189,0.935,1.100,0.909,0.932
511,305,255,255,255,20.721,18.741,26.364,0.833,1.106,0.904,0.927
512,285,255,255,255,21.291,17.044,69.954,0.812,1.249,0.801,0.911
513,324,255,255,255,23.611,17.472,19.773,0.855,1.351,0.740,0.908
514,312,255,255,255,22.099,17.976,13.788,0.925,1.229,0.813,0.953
515,453,255,255,255,24.911,23.154,49.153,0.939,1.076,0.929,0.953
516,414,255,255,255,24.939,21.137,173.397,0.939,1.180,0.848,0.953
517,267,255,255,255,23.343,14.564,147.988,0.576,1.603,0.624,0.817
518,305,255,255,255,22.250,17.453,30.820,0.738,1.275,0.784,0.891
519,272,255,255,255,20.404,16.973,178.952,0.852,1.202,0.832,0.930
520,255,255,255,255,20.750,15.647,112.225,0.816,1.326,0.754,0.901
521,266,255,255,255,20.568,16.467,67.371,0.820,1.249,0.801,0.902
522,280,255,255,255,20.309,17.555,1.942,0.935,1.157,0.864,0.938
523,280,255,255,255,21.784,16.365,174.852,0.870,1.331,0.751,0.923
524,303,255,255,255,21.479,17.961,26.813,0.735,1.196,0.836,0.863
525,273,255,255,255,19.585,17.748,60.145,0.857,1.104,0.906,0.895
526,277,255,255,255,19.901,17.722,41.301,0.943,1.123,0.890,0.939
527,252,255,255,255,20.009,16.036,111.015,0.899,1.248,0.801,0.935
528,269,255,255,255,19.906,17.206,85.492,0.926,1.157,0.864,0.928
529,315,255,255,255,23.359,17.170,41.645,0.812,1.360,0.735,0.913
530,264,255,255,255,19.535,17.207,46.067,0.881,1.135,0.881,0.931
531,442,255,255,255,24.544,22.929,50.511,0.917,1.070,0.934,0.943
532,404,255,255,255,24.119,21.327,8.222,0.883,1.131,0.884,0.927
533,363,255,255,255,23.297,19.839,2.986,0.920,1.174,0.852,0.942
534,230,255,255,255,19.008,15.406,87.779,0.886,1.234,0.811,0.922
535,283,255,255,255,20.656,17.444,72.559,0.826,1.184,0.844,0.922
536,305,255,255,255,23.244,16.707,84.448,0.750,1.391,0.719,0.904
537,483,255,255,255,31.184,19.721,63.395,0.835,1.581,0.632,0.933
538,236,255,255,255,19.189,15.659,64.351,0.590,1.225,0.816,0.835
539,278,255,255,255,21.220,16.681,0.601,0.870,1.272,0.786,0.921
540,271,255,255,255,21.220,16.260,110.045,0.898,1.305,0.766,0.934
541,357,255,255,255,22.940,19.815,19.652,0.904,1.158,0.864,0.942
542,283,255,255,255,21.784,16.541,63.085,0.634,1.317,0.759,0.889
543,277,255,255,255,21.050,16.755,43.000,0.560,1.256,0.796,0.809
544,289,255,255,255,21.728,16.935,140.971,0.722,1.283,0.779,0.899
545,348,255,255,255,21.419,20.686,124.640,0.876,1.035,0.966,0.922
546,408,255,255,255,25.757,20.168,58.962,0.886,1.277,0.783,0.932
547,285,255,255,255,22.725,15.968,46.992,0.869,1.423,0.703,0.944
548,262,255,255,255,18.605,17.930,170.783,0.916,1.038,0.964,0.934
549,368,255,255,255,23.686,19.782,37.006,0.911,1.197,0.835,0.939
550,300,255,255,255,21.886,17.453,113.416,0.922,1.254,0.797,0.945
551,276,255,255,255,21.736,16.167,62.098,0.678,1.344,0.744,0.887
552,282,255,255,255,21.438,16.748,158.571,0.705,1.280,0.781,0.866
553,255,255,255,255,19.458,16.686,166.568,0.851,1.166,0.858,0.921
554,252,255,255,255,18.552,17.295,37.313,0.951,1.073,0.932,0.947
555,387,255,255,255,25.188,19.563,9.202,0.892,1.288,0.777,0.937
556,295,255,255,255,20.316,18.488,53.441,0.893,1.099,0.910,0.916
557,250,255,255,255,18.796,16.935,129.815,0.657,1.110,0.901,0.856
558,285,255,255,255,21.410,16.949,66.692,0.885,1.263,0.792,0.930
559,273,255,255,255,21.496,16.170,69.675,0.800,1.329,0.752,0.912
560,296,255,255,255,22.807,16.525,54.248,0.802,1.380,0.725,0.893
561,297,255,255,255,23.143,16.340,67.525,0.867,1.416,0.706,0.914
562,299,255,255,255,22.628,16.824,62.571,0.765,1.345,0.743,0.894
563,266,255,255,255,20.986,16.138,79.502,0.888,1.300,0.769,0.922
564,352,255,255,255,25.552,17.540,94.112,0.686,1.457,0.686,0.899
565,303,255,255,255,22.011,17.527,112.305,0.654,1.256,0.796,0.887
566,280,255,255,255,22.702,15.704,42.551,0.705,1.446,0.692,0.892
567,265,255,255,255,20.400,16.539,15.983,0.885,1.233,0.811,0.930
568,498,255,255,255,27.095,23.402,31.195,0.921,1.158,0.864,0.955
569,252,255,255,255,20.477,15.669,139.471,0.806,1.307,0.765,0.903
570,247,255,255,255,18.694,16.823,121.670,0.899,1.111,0.900,0.932
571,299,255,255,255,20.912,18.205,179.931,0.902,1.149,0.871,0.939
572,419,255,255,255,26.539,20.102,35.943,0.896,1.320,0.757,0.943
573,226,255,255,255,18.043,15.948,46.725,0.935,1.131,0.884,0.938
574,416,255,255,255,27.572,19.210,78.801,0.855,1.435,0.697,0.935
575,440,255,255,255,25.419,22.039,107.747,0.880,1.153,0.867,0.940
576,274,255,255,255,23.703,14.718,21.834,0.867,1.610,0.621,0.930
577,298,255,255,255,25.483,14.889,15.590,0.794,1.711,0.584,0.914
578,480,255,255,255,28.633,21.345,85.803,0.870,1.341,0.745,0.944
579,478,255,255,255,26.429,23.028,128.573,0.892,1.148,0.871,0.936
580,302,255,255,255,22.209,17.313,35.926,0.833,1.283,0.780,0.912
581,285,255,255,255,21.440,16.925,159.238,0.812,1.267,0.789,0.908
582,498,255,255,255,29.648,21.387,150.264,0.830,1.386,0.721,0.928
583,277,255,255,255,19.147,18.420,62.393,0.925,1.040,0.962,0.942
584,289,255,255,255,20.464,17.981,139.889,0.803,1.138,0.879,0.878
585,266,255,255,255,21.865,15.490,53.988,0.898,1.412,0.708,0.932
586,299,255,255,255,23.022,16.536,166.354,0.902,1.392,0.718,0.945
587,440,255,255,255,26.784,20.916,9.051,0.873,1.281,0.781,0.936
588,346,255,255,255,21.780,20.227,63.553,0.891,1.077,0.929,0.934
589,382,255,255,255,25.482,19.087,113.502,0.835,1.335,0.749,0.924
590,386,255,255,255,27.501,17.871,4.890,0.801,1.539,0.650,0.923
591,305,255,255,255,21.832,17.788,161.925,0.585,1.227,0.815,0.868
592,280,255,255,255,20.732,17.196,151.409,0.971,1.206,0.829,0.952
593,271,255,255,255,21.072,16.375,105.439,0.905,1.287,0.777,0.931
594,300,255,255,255,20.856,18.315,20.161,0.768,1.139,0.878,0.909
595,445,255,255,255,25.834,21.932,157.354,0.890,1.178,0.849,0.935
596,272,255,255,255,21.378,16.200,102.786,0.780,1.320,0.758,0.917
597,181,255,255,255,16.852,13.676,83.451,0.575,1.232,0.812,0.772
598,263,255,255,255,19.397,17.264,42.827,0.895,1.124,0.890,0.926
599,264,255,255,255,22.929,14.660,60.801,0.793,1.564,0.639,0.889
600,481,255,255,255,25.916,23.631,161.080,0.884,1.097,0.912,0.938
601,417,255,255,255,27.848,19.066,173.519,0.870,1.461,0.685,0.940
602,280,255,255,255,21.425,16.639,93.947,0.877,1.288,0.777,0.929
603,252,255,255,255,18.102,17.725,122.003,0.943,1.021,0.979,0.944
604,267,255,255,255,20.273,16.769,131.845,0.934,1.209,0.827,0.942
605,252,255,255,255,18.411,17.427,128.883,0.943,1.056,0.947,0.939
606,158,255,255,255,18.524,10.860,38.390,0.852,1.706,0.586,0.924
607,320,255,255,255,20.974,19.426,173.972,0.865,1.080,0.926,0.912
608,425,255,255,255,27.996,19.329,145.700,0.757,1.448,0.690,0.899
609,309,255,255,255,22.608,17.402,79.232,0.643,1.299,0.770,0.882
610,286,255,255,255,24.655,14.770,148.321,0.795,1.669,0.599,0.899
611,336,255,255,255,23.920,17.885,174.479,0.826,1.337,0.748,0.935
612,487,255,255,255,27.240,22.763,91.144,0.914,1.197,0.836,0.949
613,232,255,255,255,19.152,15.423,51.447,0.524,1.242,0.805,0.818
614,271,255,255,255,20.647,16.712,100.645,0.871,1.235,0.809,0.930
615,301,255,255,255,23.376,16.395,86.621,0.705,1.426,0.701,0.879
616,413,255,255,255,25.643,20.507,133.217,0.902,1.250,0.800,0.938
617,319,255,255,255,20.925,19.410,170.306,0.915,1.078,0.928,0.938
618,315,255,255,255,22.707,17.663,108.741,0.851,1.286,0.778,0.921
619,196,255,255,255,18.308,13.631,158.364,0.922,1.343,0.744,0.936
620,266,255,255,255,19.888,17.030,157.065,0.881,1.168,0.856,0.911
621,319,255,255,255,22.333,18.187,135.980,0.822,1.228,0.814,0.891
622,316,255,255,255,21.852,18.412,137.257,0.836,1.187,0.843,0.921
623,354,255,255,255,22.644,19.905,23.689,0.882,1.138,0.879,0.924
624,273,255,255,255,23.105,15.044,51.251,0.871,1.536,0.651,0.932
625,388,255,255,255,23.059,21.424,152.518,0.927,1.076,0.929,0.953
626,298,255,255,255,21.786,17.416,77.667,0.926,1.251,0.799,0.940
627,419,255,255,255,25.870,20.622,11.975,0.864,1.254,0.797,0.943
628,224,255,255,255,17.752,16.066,62.751,0.525,1.105,0.905,0.767
629,367,255,255,255,28.601,16.338,72.052,0.694,1.751,0.571,0.847
630,266,255,255,255,20.953,16.163,44.534,0.905,1.296,0.771,0.937
631,290,255,255,255,23.688,15.588,40.355,0.878,1.520,0.658,0.932
632,278,255,255,255,20.617,17.169,70.520,0.711,1.201,0.833,0.891
633,325,255,255,255,21.488,19.257,25.906,0.887,1.116,0.896,0.927
634,270,255,255,255,22.606,15.207,22.505,0.732,1.487,0.673,0.887
635,283,255,255,255,20.531,17.550,126.980,0.773,1.170,0.855,0.904
636,404,255,255,255,26.584,19.350,156.807,0.845,1.374,0.728,0.927
637,289,255,255,255,22.480,16.369,139.921,0.898,1.373,0.728,0.929
638,363,255,255,255,23.173,19.945,99.625,0.926,1.162,0.861,0.947
639,319,255,255,255,24.312,16.706,74.076,0.644,1.455,0.687,0.886
640,273,255,255,255,21.662,16.046,62.025,0.694,1.350,0.741,0.872
641,442,255,255,255,25.022,22.491,57.540,0.917,1.113,0.899,0.950
642,312,255,255,255,22.972,17.293,124.704,0.785,1.328,0.753,0.911
643,272,255,255,255,22.483,15.404,124.462,0.691,1.460,0.685,0.879
644,299,255,255,255,22.602,16.844,79.754,0.919,1.342,0.745,0.945
645,236,255,255,255,19.688,15.262,67.772,0.567,1.290,0.775,0.827
646,466,255,255,255,25.562,23.211,127.903,0.932,1.101,0.908,0.952
647,496,255,255,255,38.995,16.195,83.920,0.524,2.408,0.415,0.810
648,301,255,255,255,21.074,18.185,124.071,0.908,1.159,0.863,0.939
649,272,255,255,255,21.018,16.478,66.831,0.823,1.276,0.784,0.920
650,500,255,255,255,26.955,23.617,33.906,0.946,1.141,0.876,0.955
651,277,255,255,255,22.568,15.628,60.266,0.665,1.444,0.693,0.858
652,368,255,255,255,24.368,19.228,40.903,0.890,1.267,0.789,0.935
653,364,255,255,255,26.339,17.596,44.627,0.828,1.497,0.668,0.916
654,283,255,255,255,20.637,17.460,31.917,0.920,1.182,0.846,0.943
655,297,255,255,255,23.231,16.278,69.699,0.771,1.427,0.701,0.897
656,362,255,255,255,22.154,20.805,50.578,0.933,1.065,0.939,0.941
657,261,255,255,255,20.344,16.335,170.035,0.888,1.245,0.803,0.926
658,276,255,255,255,23.225,15.131,36.450,0.632,1.535,0.651,0.836
659,280,255,255,255,19.605,18.184,175.209,0.778,1.078,0.928,0.912
660,419,255,255,255,25.637,20.809,44.320,0.793,1.232,0.812,0.916
661,269,255,255,255,18.867,18.154,55.640,0.959,1.039,0.962,0.946
662,275,255,255,255,20.772,16.857,43.509,0.711,1.232,0.812,0.872
663,433,255,255,255,25.340,21.757,8.597,0.926,1.165,0.859,0.946
664,493,255,255,255,27.296,22.997,126.123,0.901,1.187,0.843,0.941
665,276,255,255,255,20.215,17.384,13.965,0.939,1.163,0.860,0.942
666,294,255,255,255,20.212,18.520,55.418,0.897,1.091,0.916,0.927
667,282,255,255,255,20.528,17.491,13.196,0.851,1.174,0.852,0.911
668,305,255,255,255,20.710,18.751,144.019,0.897,1.104,0.905,0.931
669,392,255,255,255,29.128,17.135,67.707,0.594,1.700,0.588,0.868
670,216,255,255,255,18.026,15.257,40.572,0.933,1.182,0.846,0.929
671,317,255,255,255,22.909,17.619,51.928,0.881,1.300,0.769,0.911
672,469,255,255,255,26.109,22.872,67.543,0.933,1.142,0.876,0.951
673,426,255,255,255,27.098,20.016,122.974,0.905,1.354,0.739,0.944
674,185,255,255,255,17.723,13.291,20.604,0.919,1.333,0.750,0.939
675,356,255,255,255,25.511,17.768,79.494,0.820,1.436,0.696,0.921
676,151,255,255,255,17.784,10.811,24.373,0.855,1.645,0.608,0.910
677,248,255,255,255,20.333,15.529,68.113,0.645,1.309,0.764,0.848
678,447,255,255,255,25.445,22.367,124.048,0.908,1.138,0.879,0.942
679,285,255,255,255,20.964,17.309,101.141,0.863,1.211,0.826,0.919
680,303,255,255,255,22.001,17.535,54.022,0.885,1.255,0.797,0.925
681,304,255,255,255,21.364,18.118,145.053,0.866,1.179,0.848,0.920
682,423,255,255,255,26.321,20.462,24.756,0.831,1.286,0.777,0.920
683,347,255,255,255,22.487,19.648,150.379,0.938,1.144,0.874,0.947
684,275,255,255,255,19.433,18.018,108.430,0.918,1.078,0.927,0.931
685,318,255,255,255,21.367,18.949,89.091,0.868,1.128,0.887,0.920
686,335,255,255,255,22.425,19.021,20.389,0.875,1.179,0.848,0.938
687,375,255,255,255,24.041,19.861,77.692,0.864,1.210,0.826,0.926
688,325,255,255,255,22.109,18.716,24.601,0.712,1.181,0.847,0.858
689,303,255,255,255,22.014,17.525,87.421,0.827,1.256,0.796,0.920
690,430,255,255,255,37.549,14.581,85.027,0.575,2.575,0.388,0.838
691,372,255,255,255,24.633,19.228,26.280,0.912,1.281,0.781,0.944
692,376,255,255,255,24.104,19.862,45.118,0.775,1.214,0.824,0.903
693,430,255,255,255,27.153,20.163,132.996,0.919,1.347,0.743,0.953
694,433,255,255,255,25.460,21.654,165.271,0.866,1.176,0.850,0.935
695,320,255,255,255,23.227,17.541,46.372,0.895,1.324,0.755,0.932
696,321,255,255,255,21.770,18.774,47.188,0.855,1.160,0.862,0.916
697,370,255,255,255,23.938,19.680,97.806,0.866,1.216,0.822,0.937
698,155,255,255,255,18.221,10.831,41.475,0.847,1.682,0.594,0.906
699,415,255,255,255,26.817,19.704,48.395,0.887,1.361,0.735,0.943
700,329,255,255,255,21.463,19.517,123.607,0.868,1.100,0.909,0.922
701,309,255,255,255,21.140,18.610,4.585,0.916,1.136,0.880,0.945
702,430,255,255,255,26.668,20.530,145.228,0.886,1.299,0.770,0.942
703,303,255,255,255,23.375,16.505,167.866,0.848,1.416,0.706,0.918
704,347,255,255,255,23.450,18.841,112.468,0.879,1.245,0.803,0.928
705,281,255,255,255,20.691,17.292,44.146,0.903,1.197,0.836,0.940
706,248,255,255,255,19.414,16.265,139.109,0.947,1.194,0.838,0.941
707,429,255,255,255,26.950,20.268,64.411,0.884,1.330,0.752,0.940
708,365,255,255,255,24.132,19.258,95.329,0.895,1.253,0.798,0.934
709,317,255,255,255,22.747,17.744,49.077,0.686,1.282,0.780,0.885
710,291,255,255,255,20.662,17.932,75.052,0.775,1.152,0.868,0.905
711,289,255,255,255,23.118,15.917,58.222,0.647,1.452,0.689,0.863
712,276,255,255,255,20.275,17.332,115.927,0.939,1.170,0.855,0.939
713,316,255,255,255,21.098,19.070,111.268,0.900,1.106,0.904,0.927
714,319,255,255,255,23.442,17.326,83.370,0.893,1.353,0.739,0.945
715,318,255,255,255,21.971,18.428,150.964,0.875,1.192,0.839,0.933
716,417,255,255,255,25.267,21.013,44.115,0.878,1.202,0.832,0.934
717,300,255,255,255,21.186,18.030,16.561,0.876,1.175,0.851,0.929
718,306,255,255,255,23.067,16.891,61.965,0.863,1.366,0.732,0.929
719,324,255,255,255,22.483,18.348,125.771,0.802,1.225,0.816,0.918
720,490,255,255,255,26.800,23.280,43.731,0.919,1.151,0.869,0.951
721,318,255,255,255,22.087,18.332,125.057,0.819,1.205,0.830,0.907
722,458,255,255,255,31.520,18.501,62.465,0.766,1.704,0.587,0.894
723,319,255,255,255,21.711,18.708,115.309,0.771,1.161,0.862,0.901
724,296,255,255,255,23.095,16.319,71.452,0.887,1.415,0.707,0.934
725,242,255,255,255,18.251,16.882,109.687,0.932,1.081,0.925,0.938
726,324,255,255,255,22.320,18.482,12.850,0.913,1.208,0.828,0.942
727,295,255,255,255,22.994,16.335,13.548,0.840,1.408,0.710,0.919
728,420,255,255,255,26.591,20.111,97.781,0.909,1.322,0.756,0.952
729,464,255,255,255,25.778,22.918,107.656,0.915,1.125,0.889,0.951
730,269,255,255,255,21.377,16.022,79.138,0.842,1.334,0.749,0.920
731,319,255,255,255,21.524,18.870,171.277,0.922,1.141,0.877,0.947
732,461,255,255,255,26.637,22.035,88.573,0.901,1.209,0.827,0.952
733,407,255,255,255,24.684,20.994,170.133,0.889,1.176,0.851,0.937
734,310,255,255,255,20.913,18.873,114.776,0.549,1.108,0.902,0.854
735,320,255,255,255,22.472,18.131,60.376,0.895,1.239,0.807,0.930
736,325,255,255,255,23.449,17.647,40.479,0.846,1.329,0.753,0.921
737,460,255,255,255,24.884,23.537,54.113,0.896,1.057,0.946,0.931
738,254,255,255,255,19.467,16.612,65.709,0.906,1.172,0.853,0.934
739,309,255,255,255,20.384,19.301,61.635,0.902,1.056,0.947,0.928
740,305,255,255,255,20.862,18.615,146.288,0.847,1.121,0.892,0.938
741,308,255,255,255,21.159,18.534,10.422,0.884,1.142,0.876,0.922
742,318,255,255,255,23.772,17.032,29.430,0.853,1.396,0.716,0.931
743,307,255,255,255,20.186,19.365,151.974,0.903,1.042,0.959,0.933
744,321,255,255,255,20.979,19.482,120.600,0.937,1.077,0.929,0.944
745,328,255,255,255,22.113,18.886,4.605,0.812,1.171,0.854,0.914
746,310,255,255,255,24.098,16.379,124.752,0.889,1.471,0.680,0.945
747,283,255,255,255,19.567,18.415,64.757,0.910,1.063,0.941,0.945
748,354,255,255,255,24.010,18.772,36.722,0.897,1.279,0.782,0.934
749,303,255,255,255,20.980,18.388,21.278,0.891,1.141,0.876,0.927
750,408,255,255,255,25.333,20.506,35.574,0.940,1.235,0.809,0.954
751,286,255,255,255,19.835,18.358,9.283,0.857,1.080,0.926,0.914
752,454,255,255,255,25.267,22.878,77.330,0.906,1.104,0.905,0.955
753,294,255,255,255,21.491,17.418,6.509,0.928,1.234,0.811,0.948
754,186,255,255,255,17.446,13.574,39.794,0.886,1.285,0.778,0.905
755,288,255,255,255,20.164,18.185,103.673,0.895,1.109,0.902,0.920
756,274,255,255,255,20.403,17.099,28.632,0.951,1.193,0.838,0.943
757,362,255,255,255,24.514,18.802,161.959,0.902,1.304,0.767,0.935
758,301,255,255,255,22.346,17.151,33.412,0.879,1.303,0.768,0.926
759,327,255,255,255,21.501,19.365,82.005,0.928,1.110,0.901,0.952
760,323,255,255,255,22.826,18.017,41.192,0.882,1.267,0.789,0.929
761,352,255,255,255,24.749,18.109,6.338,0.857,1.367,0.732,0.940
762,331,255,255,255,20.633,20.426,29.688,0.859,1.010,0.990,0.928
763,285,255,255,255,24.106,15.053,108.509,0.854,1.601,0.624,0.933
764,280,255,255,255,20.080,17.755,70.216,0.927,1.131,0.884,0.933
765,442,255,255,255,24.255,23.202,105.796,0.917,1.045,0.957,0.951
766,459,255,255,255,26.332,22.194,174.943,0.905,1.186,0.843,0.944
767,307,255,255,255,22.757,17.177,121.904,0.890,1.325,0.755,0.921
768,322,255,255,255,22.353,18.342,79.021,0.917,1.219,0.821,0.933
769,282,255,255,255,20.472,17.539,135.165,0.893,1.167,0.857,0.929
770,329,255,255,255,22.305,18.780,23.045,0.898,1.188,0.842,0.931
771,199,255,255,255,17.122,14.798,26.059,0.915,1.157,0.864,0.923
772,274,255,255,255,20.932,16.667,157.438,0.915,1.256,0.796,0.935
773,276,255,255,255,21.005,16.730,114.974,0.904,1.256,0.796,0.932
774,293,255,255,255,20.464,18.230,47.673,0.841,1.122,0.891,0.917
775,435,255,255,255,28.868,19.186,80.357,0.811,1.505,0.665,0.910
776,283,255,255,255,20.698,17.408,158.891,0.848,1.189,0.841,0.934
777,343,255,255,255,22.529,19.385,125.633,0.937,1.162,0.860,0.948
778,292,255,255,255,21.081,17.636,6.647,0.931,1.195,0.837,0.937
779,308,255,255,255,21.898,17.909,75.491,0.853,1.223,0.818,0.939
780,345,255,255,255,23.340,18.821,30.695,0.889,1.240,0.806,0.935
781,351,255,255,255,24.194,18.472,61.529,0.889,1.310,0.763,0.934
782,489,255,255,255,27.862,22.346,153.446,0.852,1.247,0.802,0.941
783,318,255,255,255,20.545,19.707,102.687,0.912,1.043,0.959,0.934
784,402,255,255,255,27.227,18.799,49.744,0.892,1.448,0.690,0.940
785,486,255,255,255,26.118,23.692,150.881,0.912,1.102,0.907,0.947
786,275,255,255,255,19.654,17.816,0.596,0.933,1.103,0.906,0.958
787,372,255,255,255,26.752,17.705,96.276,0.831,1.511,0.662,0.929
788,285,255,255,255,20.391,17.796,8.635,0.933,1.146,0.873,0.944
789,354,255,255,255,25.330,17.794,7.520,0.803,1.423,0.702,0.921
790,295,255,255,255,21.182,17.732,138.673,0.890,1.195,0.837,0.932
791,250,255,255,255,23.232,13.702,151.832,0.597,1.696,0.590,0.833
792,492,255,255,255,28.119,22.278,79.608,0.874,1.262,0.792,0.934
793,439,255,255,255,25.119,22.252,40.872,0.924,1.129,0.886,0.944
794,336,255,255,255,22.524,18.994,108.240,0.931,1.186,0.843,0.952
795,294,255,255,255,24.194,15.472,21.711,0.621,1.564,0.639,0.834
796,377,255,255,255,25.120,19.109,108.411,0.855,1.315,0.761,0.939
797,293,255,255,255,22.531,16.557,15.428,0.856,1.361,0.735,0.920
798,301,255,255,255,22.389,17.118,61.546,0.864,1.308,0.765,0.930
799,285,255,255,255,21.373,16.978,32.016,0.820,1.259,0.794,0.900
800,354,255,255,255,22.256,20.252,138.420,0.805,1.099,0.910,0.915
801,490,255,255,255,27.819,22.427,95.822,0.883,1.240,0.806,0.944
802,325,255,255,255,22.405,18.469,98.351,0.779,1.213,0.824,0.908
803,467,255,255,255,26.888,22.114,89.884,0.894,1.216,0.822,0.949
804,489,255,255,255,27.690,22.485,168.219,0.852,1.231,0.812,0.934
805,319,255,255,255,22.302,18.212,29.996,0.956,1.225,0.817,0.955
806,308,255,255,255,21.233,18.469,37.948,0.841,1.150,0.870,0.913
807,317,255,255,255,22.256,18.135,60.074,0.878,1.227,0.815,0.946
808,294,255,255,255,20.411,18.340,172.049,0.890,1.113,0.899,0.929
809,324,255,255,255,21.481,19.205,72.916,0.701,1.118,0.894,0.890
810,436,255,255,255,26.021,21.334,152.542,0.756,1.220,0.820,0.922
811,315,255,255,255,24.583,16.315,158.316,0.851,1.507,0.664,0.936
812,474,255,255,255,26.450,22.817,163.296,0.902,1.159,0.863,0.945
813,391,255,255,255,23.142,21.512,22.030,0.922,1.076,0.930,0.944
814,382,255,255,255,23.242,20.927,70.549,0.861,1.111,0.900,0.925
815,311,255,255,255,22.711,17.436,58.620,0.864,1.303,0.768,0.923
816,303,255,255,255,22.286,17.311,142.862,0.768,1.287,0.777,0.907
817,497,255,255,255,26.991,23.445,148.886,0.854,1.151,0.869,0.920
818,296,255,255,255,20.051,18.796,103.293,0.927,1.067,0.937,0.940
819,311,255,255,255,21.131,18.739,137.589,0.918,1.128,0.887,0.934
820,440,255,255,255,26.562,21.091,91.596,0.899,1.259,0.794,0.946
821,331,255,255,255,22.634,18.620,113.312,0.853,1.216,0.823,0.921
822,302,255,255,255,21.131,18.197,37.767,0.860,1.161,0.861,0.918
823,408,255,255,255,24.908,20.856,129.252,0.905,1.194,0.837,0.939
824,292,255,255,255,20.789,17.884,168.712,0.914,1.162,0.860,0.936
825,325,255,255,255,23.982,17.255,29.737,0.858,1.390,0.720,0.922
826,207,255,255,255,18.037,14.612,51.298,0.831,1.234,0.810,0.896
827,304,255,255,255,21.642,17.885,121.280,0.888,1.210,0.826,0.935
828,474,255,255,255,28.993,20.816,94.903,0.755,1.393,0.718,0.894
829,433,255,255,255,24.839,22.195,84.480,0.749,1.119,0.894,0.902
830,308,255,255,255,23.065,17.002,72.925,0.847,1.357,0.737,0.932
831,464,255,255,255,26.285,22.476,132.497,0.928,1.169,0.855,0.953
832,353,255,255,255,22.800,19.713,87.735,0.859,1.157,0.865,0.925
833,465,255,255,255,27.389,21.617,144.830,0.857,1.267,0.789,0.936
834,354,255,255,255,23.132,19.485,98.191,0.882,1.187,0.842,0.937
835,313,255,255,255,20.821,19.140,144.417,0.931,1.088,0.919,0.941
836,302,255,255,255,21.636,17.772,39.345,0.869,1.217,0.821,0.931
837,312,255,255,255,22.478,17.673,177.141,0.823,1.272,0.786,0.924
838,306,255,255,255,20.775,18.754,1.526,0.871,1.108,0.903,0.923
839,343,255,255,255,22.528,19.386,77.497,0.905,1.162,0.861,0.932
840,349,255,255,255,23.938,18.563,22.279,0.844,1.290,0.775,0.927
841,305,255,255,255,20.015,19.403,130.353,0.875,1.032,0.969,0.921
842,383,255,255,255,23.598,20.665,154.414,0.787,1.142,0.876,0.907
843,339,255,255,255,22.442,19.233,49.269,0.776,1.167,0.857,0.913
844,183,255,255,255,17.362,13.420,148.869,0.901,1.294,0.773,0.917
845,299,255,255,255,23.630,16.111,129.688,0.627,1.467,0.682,0.845
846,348,255,255,255,22.253,19.911,82.189,0.925,1.118,0.895,0.951
847,280,255,255,255,22.342,15.957,171.137,0.609,1.400,0.714,0.856
848,323,255,255,255,22.380,18.376,79.523,0.753,1.218,0.821,0.897
849,290,255,255,255,21.700,17.015,37.347,0.918,1.275,0.784,0.932
850,304,255,255,255,20.995,18.436,20.870,0.802,1.139,0.878,0.901
851,309,255,255,255,20.853,18.867,143.022,0.902,1.105,0.905,0.920
852,387,255,255,255,23.597,20.882,98.288,0.853,1.130,0.885,0.915
853,299,255,255,255,21.197,17.960,42.041,0.936,1.180,0.847,0.945
854,373,255,255,255,23.882,19.886,118.025,0.900,1.201,0.833,0.940
855,249,255,255,255,18.753,16.906,92.641,0.895,1.109,0.902,0.922
856,229,255,255,255,18.347,15.892,16.850,0.939,1.154,0.866,0.935
857,214,255,255,255,18.027,15.114,11.660,0.945,1.193,0.838,0.939
858,294,255,255,255,20.182,18.548,140.230,0.955,1.088,0.919,0.945
859,441,255,255,255,26.557,21.143,169.618,0.829,1.256,0.796,0.916
860,309,255,255,255,21.304,18.468,23.994,0.886,1.154,0.867,0.922
861,461,255,255,255,26.585,22.079,111.074,0.909,1.204,0.830,0.947
862,318,255,255,255,21.715,18.646,141.696,0.938,1.165,0.859,0.944
863,294,255,255,255,20.046,18.673,172.920,0.887,1.074,0.932,0.925
864,321,255,255,255,22.047,18.538,15.761,0.898,1.189,0.841,0.930
865,357,255,255,255,22.495,20.206,18.532,0.942,1.113,0.898,0.946
866,311,255,255,255,25.488,15.536,71.206,0.807,1.641,0.610,0.917
867,326,255,255,255,22.520,18.431,91.487,0.781,1.222,0.818,0.913
868,324,255,255,255,22.980,17.952,158.663,0.618,1.280,0.781,0.891
869,326,255,255,255,22.691,18.292,102.444,0.926,1.240,0.806,0.950
870,421,255,255,255,25.009,21.433,4.275,0.862,1.167,0.857,0.920
871,372,255,255,255,24.645,19.218,138.720,0.813,1.282,0.780,0.927
872,321,255,255,255,21.916,18.649,73.813,0.928,1.175,0.851,0.948
873,331,255,255,255,24.495,17.205,41.615,0.709,1.424,0.702,0.855
874,308,255,255,255,20.378,19.244,44.362,0.947,1.059,0.944,0.946
875,325,255,255,255,23.600,17.534,95.649,0.818,1.346,0.743,0.921
876,305,255,255,255,20.851,18.624,62.405,0.930,1.120,0.893,0.937
877,327,255,255,255,23.918,17.407,111.370,0.809,1.374,0.728,0.907
878,441,255,255,255,27.058,20.751,19.644,0.788,1.304,0.767,0.894
879,290,255,255,255,21.502,17.172,51.075,0.742,1.252,0.799,0.902
880,338,255,255,255,21.337,20.169,174.483,0.930,1.058,0.945,0.942
881,308,255,255,255,22.458,17.462,44.792,0.850,1.286,0.778,0.925
882,323,255,255,255,21.645,19.000,14.419,0.761,1.139,0.878,0.907
883,289,255,255,255,20.476,17.971,49.768,0.922,1.139,0.878,0.935
884,382,255,255,255,23.770,20.462,176.665,0.907,1.162,0.861,0.950
885,386,255,255,255,24.405,20.138,55.413,0.756,1.212,0.825,0.898
886,312,255,255,255,22.586,17.588,12.834,0.817,1.284,0.779,0.912
887,321,255,255,255,22.161,18.443,14.637,0.862,1.202,0.832,0.917
888,182,255,255,255,18.227,12.713,100.191,0.884,1.434,0.697,0.926
889,469,255,255,255,25.991,22.975,127.951,0.917,1.131,0.884,0.951
890,327,255,255,255,21.877,19.032,179.568,0.899,1.149,0.870,0.932
891,332,255,255,255,21.870,19.328,106.252,0.798,1.132,0.884,0.894
892,292,255,255,255,20.327,18.290,6.249,0.907,1.111,0.900,0.930
893,346,255,255,255,22.841,19.287,82.946,0.877,1.184,0.844,0.941
894,489,255,255,255,26.462,23.528,130.683,0.847,1.125,0.889,0.940
895,328,255,255,255,23.715,17.610,34.349,0.865,1.347,0.743,0.923
896,348,255,255,255,22.067,20.080,122.462,0.847,1.099,0.910,0.924
897,326,255,255,255,21.174,19.603,149.871,0.935,1.080,0.926,0.938
898,464,255,255,255,26.601,22.209,136.848,0.915,1.198,0.835,0.951
899,295,255,255,255,21.889,17.160,154.089,0.900,1.276,0.784,0.931
900,236,255,255,255,19.027,15.792,3.451,0.948,1.205,0.830,0.937
901,361,255,255,255,23.046,19.944,48.866,0.927,1.156,0.865,0.951
902,333,255,255,255,21.258,19.945,26.994,0.824,1.066,0.938,0.902
903,434,255,255,255,25.057,22.053,58.917,0.922,1.136,0.880,0.943
904,428,255,255,255,24.973,21.821,170.616,0.941,1.144,0.874,0.956
905,341,255,255,255,22.365,19.413,83.998,0.893,1.152,0.868,0.925
906,323,255,255,255,21.690,18.961,163.410,0.858,1.144,0.874,0.946
907,455,255,255,255,25.682,22.557,40.398,0.938,1.139,0.878,0.950
908,303,255,255,255,20.675,18.659,37.736,0.821,1.108,0.902,0.907
909,307,255,255,255,22.712,17.211,42.770,0.726,1.320,0.758,0.880
910,283,255,255,255,19.632,18.354,36.250,0.927,1.070,0.935,0.946
911,314,255,255,255,21.097,18.951,177.516,0.920,1.113,0.898,0.935
912,333,255,255,255,22.243,19.062,62.153,0.787,1.167,0.857,0.888
913,268,255,255,255,19.799,17.235,81.733,0.888,1.149,0.871,0.931
914,484,255,255,255,27.846,22.131,67.248,0.877,1.258,0.795,0.944
915,456,255,255,255,25.691,22.600,108.066,0.932,1.137,0.880,0.955
916,316,255,255,255,21.872,18.395,40.545,0.745,1.189,0.841,0.889
917,287,255,255,255,21.288,17.166,79.545,0.922,1.240,0.806,0.950
918,307,255,255,255,20.592,18.982,110.564,0.927,1.085,0.922,0.949
919,324,255,255,255,21.374,19.301,152.456,0.923,1.107,0.903,0.945
920,455,255,255,255,25.568,22.659,3.609,0.844,1.128,0.886,0.919
921,330,255,255,255,26.159,16.062,47.483,0.773,1.629,0.614,0.899
922,289,255,255,255,20.606,17.858,170.354,0.888,1.154,0.867,0.940
923,411,255,255,255,24.698,21.188,161.255,0.953,1.166,0.858,0.959
924,466,255,255,255,29.792,19.916,58.649,0.775,1.496,0.669,0.883
925,460,255,255,255,27.736,21.116,128.071,0.511,1.313,0.761,0.862
926,333,255,255,255,22.655,18.715,110.398,0.819,1.211,0.826,0.907
927,302,255,255,255,20.740,18.540,38.759,0.928,1.119,0.894,0.936
928,389,255,255,255,23.515,21.062,113.284,0.926,1.116,0.896,0.940
929,356,255,255,255,23.181,19.554,90.186,0.930,1.185,0.844,0.952
930,454,255,255,255,26.152,22.104,153.812,0.871,1.183,0.845,0.934
931,332,255,255,255,24.355,17.356,32.697,0.876,1.403,0.713,0.938
932,485,255,255,255,34.147,18.084,128.289,0.596,1.888,0.530,0.823
933,441,255,255,255,25.455,22.059,85.764,0.888,1.154,0.867,0.949
934,332,255,255,255,21.168,19.970,160.946,0.897,1.060,0.943,0.926
935,321,255,255,255,20.658,19.785,4.584,0.921,1.044,0.958,0.944
936,366,255,255,255,23.810,19.572,24.351,0.830,1.217,0.822,0.913
937,406,255,255,255,23.370,22.120,53.633,0.798,1.057,0.947,0.914
938,411,255,255,255,26.522,19.731,37.197,0.879,1.344,0.744,0.934
939,470,255,255,255,26.078,22.947,43.816,0.919,1.136,0.880,0.955
940,271,255,255,255,20.086,17.179,34.580,0.922,1.169,0.855,0.936
941,303,255,255,255,21.364,18.058,90.870,0.908,1.183,0.845,0.928
942,495,255,255,255,27.223,23.151,119.828,0.814,1.176,0.850,0.933
943,289,255,255,255,22.134,16.625,61.258,0.888,1.331,0.751,0.937
944,299,255,255,255,21.877,17.402,139.824,0.518,1.257,0.795,0.787
945,327,255,255,255,22.029,18.900,138.841,0.922,1.166,0.858,0.942
946,304,255,255,255,21.163,18.290,112.461,0.851,1.157,0.864,0.927
947,280,255,255,255,20.248,17.607,49.663,0.935,1.150,0.870,0.941
948,339,255,255,255,20.975,20.579,179.306,0.888,1.019,0.981,0.921
949,452,255,255,255,25.858,22.256,89.651,0.910,1.162,0.861,0.948
950,494,255,255,255,25.365,24.797,28.665,0.901,1.023,0.978,0.948
951,456,255,255,255,24.921,23.298,48.375,0.926,1.070,0.935,0.949
952,306,255,255,255,21.793,17.878,94.067,0.863,1.219,0.820,0.929
953,414,255,255,255,25.049,21.044,91.431,0.937,1.190,0.840,0.964
954,472,255,255,255,27.629,21.751,25.208,0.891,1.270,0.787,0.945
955,332,255,255,255,23.406,18.060,168.653,0.870,1.296,0.772,0.922
956,406,255,255,255,27.367,18.889,28.355,0.784,1.449,0.690,0.901
957,366,255,255,255,24.382,19.113,160.414,0.883,1.276,0.784,0.937
958,323,255,255,255,23.543,17.468,111.188,0.794,1.348,0.742,0.903
959,467,255,255,255,26.929,22.080,56.480,0.884,1.220,0.820,0.936
960,356,255,255,255,23.507,19.283,171.802,0.839,1.219,0.820,0.927
961,290,255,255,255,21.271,17.359,73.033,0.847,1.225,0.816,0.929
962,305,255,255,255,20.869,18.609,140.483,0.923,1.121,0.892,0.936
963,493,255,255,255,27.302,22.991,64.357,0.894,1.188,0.842,0.949
964,336,255,255,255,23.212,18.431,34.525,0.769,1.259,0.794,0.907
965,399,255,255,255,24.900,20.402,86.504,0.926,1.220,0.819,0.950
966,312,255,255,255,25.956,15.305,106.275,0.708,1.696,0.590,0.864
967,312,255,255,255,24.070,16.504,124.487,0.826,1.458,0.686,0.911
968,271,255,255,255,20.600,16.750,167.742,0.905,1.230,0.813,0.926
969,494,255,255,255,28.333,22.200,144.936,0.890,1.276,0.784,0.943
970,367,255,255,255,22.710,20.576,105.732,0.900,1.104,0.906,0.943
971,461,255,255,255,25.750,22.794,162.825,0.922,1.130,0.885,0.953
972,322,255,255,255,21.981,18.652,55.842,0.940,1.178,0.849,0.946
973,341,255,255,255,22.103,19.643,2.449,0.931,1.125,0.889,0.942
974,435,255,255,255,25.738,21.519,133.382,0.918,1.196,0.836,0.945
975,416,255,255,255,25.114,21.090,158.791,0.876,1.191,0.840,0.929
976,480,255,255,255,26.288,23.249,2.648,0.901,1.131,0.884,0.941
977,363,255,255,255,23.071,20.033,0.995,0.705,1.152,0.868,0.878
978,309,255,255,255,22.365,17.592,82.331,0.919,1.271,0.787,0.932
979,425,255,255,255,26.375,20.517,141.532,0.871,1.286,0.778,0.929
980,306,255,255,255,22.108,17.623,0.749,0.815,1.254,0.797,0.912
981,316,255,255,255,21.978,18.307,133.773,0.806,1.201,0.833,0.912
982,318,255,255,255,22.404,18.073,110.915,0.833,1.240,0.807,0.928
983,293,255,255,255,21.238,17.565,147.823,0.871,1.209,0.827,0.914
984,458,255,255,255,26.030,22.403,16.249,0.911,1.162,0.861,0.943
985,347,255,255,255,24.032,18.384,82.099,0.845,1.307,0.765,0.924
986,460,255,255,255,25.390,23.068,86.548,0.907,1.101,0.909,0.948
987,190,255,255,255,18.826,12.850,111.282,0.854,1.465,0.683,0.911
988,475,255,255,255,25.452,23.762,32.258,0.896,1.071,0.934,0.950
989,400,255,255,255,24.330,20.933,163.228,0.902,1.162,0.860,0.933
990,372,255,255,255,23.001,20.592,10.325,0.877,1.117,0.895,0.935
991,188,255,255,255,18.141,13.195,152.048,0.934,1.375,0.727,0.949
992,282,255,255,255,20.635,17.400,113.358,0.916,1.186,0.843,0.932
993,450,255,255,255,24.607,23.284,79.364,0.869,1.057,0.946,0.932
994,296,255,255,255,21.189,17.786,135.021,0.937,1.191,0.839,0.935
995,311,255,255,255,24.521,16.149,4.110,0.868,1.518,0.659,0.947
996,317,255,255,255,24.127,16.729,154.381,0.845,1.442,0.693,0.922
997,287,255,255,255,19.939,18.327,173.277,0.940,1.088,0.919,0.944
998,370,255,255,255,22.829,20.636,131.773,0.907,1.106,0.904,0.939
999,469,255,255,255,26.116,22.865,99.732,0.925,1.142,0.876,0.953
1000,287,255,255,255,20.048,18.227,53.480,0.933,1.100,0.909,0.938
1001,198,255,255,255,17.347,14.533,164.311,0.902,1.194,0.838,0.927
1002,435,255,255,255,28.413,19.493,80.779,0.858,1.458,0.686,0.946
1003,306,255,255,255,20.847,18.689,107.599,0.910,1.115,0.896,0.932
1004,271,255,255,255,21.819,15.814,158.550,0.547,1.380,0.725,0.867
1005,295,255,255,255,20.706,18.140,68.821,0.900,1.141,0.876,0.932
1006,282,255,255,255,22.038,16.292,131.590,0.909,1.353,0.739,0.935
1007,296,255,255,255,20.675,18.229,95.012,0.937,1.134,0.882,0.935
1008,378,255,255,255,26.595,18.096,161.789,0.852,1.470,0.680,0.932
1009,463,255,255,255,25.918,22.745,14.223,0.907,1.140,0.878,0.946
1010,361,255,255,255,22.726,20.225,53.138,0.832,1.124,0.890,0.932
1011,436,255,255,255,28.310,19.609,15.131,0.860,1.444,0.693,0.940
1012,320,255,255,255,22.540,18.076,156.751,0.902,1.247,0.802,0.936
1013,420,255,255,255,24.054,22.232,44.194,0.938,1.082,0.924,0.952
1014,377,255,255,255,24.947,19.241,2.597,0.641,1.297,0.771,0.879
1015,262,255,255,255,18.648,17.889,167.856,0.942,1.042,0.959,0.948
1016,426,255,255,255,24.707,21.954,52.390,0.905,1.125,0.889,0.938
1017,258,255,255,255,18.983,17.305,146.003,0.920,1.097,0.912,0.940
1018,272,255,255,255,19.669,17.607,78.206,0.978,1.117,0.895,0.959
1019,466,255,255,255,25.083,23.655,34.461,0.876,1.060,0.943,0.936
1020,332,255,255,255,21.421,19.734,31.827,0.922,1.085,0.921,0.935
1021,370,255,255,255,22.269,21.155,47.105,0.858,1.053,0.950,0.938
1022,271,255,255,255,19.043,18.120,177.421,0.922,1.051,0.952,0.934
1023,318,255,255,255,20.664,19.594,95.722,0.853,1.055,0.948,0.916
1024,444,255,255,255,25.398,22.259,63.338,0.870,1.141,0.876,0.944
1025,470,255,255,255,26.596,22.500,151.810,0.921,1.182,0.846,0.949
1026,409,255,255,255,23.939,21.754,125.005,0.780,1.100,0.909,0.889
1027,274,255,255,255,19.773,17.644,171.325,0.907,1.121,0.892,0.935
1028,267,255,255,255,20.276,16.766,7.165,0.909,1.209,0.827,0.930
1029,388,255,255,255,24.229,20.389,95.452,0.936,1.188,0.841,0.953
1030,344,255,255,255,22.804,19.207,101.578,0.914,1.187,0.842,0.945
1031,496,255,255,255,25.935,24.351,17.093,0.917,1.065,0.939,0.949
1032,346,255,255,255,29.715,14.826,87.421,0.718,2.004,0.499,0.908
1033,291,255,255,255,23.143,16.009,43.959,0.803,1.446,0.692,0.909
1034,341,255,255,255,21.590,20.110,40.189,0.900,1.074,0.931,0.938
1035,262,255,255,255,22.485,14.836,156.762,0.868,1.516,0.660,0.924
1036,307,255,255,255,25.057,15.600,172.292,0.785,1.606,0.623,0.902
1037,353,255,255,255,23.738,18.934,115.609,0.916,1.254,0.798,0.946
1038,160,255,255,255,18.420,11.060,159.423,0.814,1.666,0.600,0.889
1039,305,255,255,255,20.050,19.368,133.138,0.914,1.035,0.966,0.933
1040,251,255,255,255,19.392,16.480,60.879,0.913,1.177,0.850,0.930
1041,315,255,255,255,24.450,16.404,133.826,0.881,1.491,0.671,0.935
1042,308,255,255,255,21.657,18.107,23.337,0.923,1.196,0.836,0.940
1043,359,255,255,255,23.465,19.480,174.555,0.916,1.205,0.830,0.941
1044,241,255,255,255,17.560,17.475,40.980,0.902,1.005,0.995,0.923
1045,301,255,255,255,19.927,19.232,110.242,0.848,1.036,0.965,0.919
1046,292,255,255,255,20.753,17.914,84.541,0.931,1.158,0.863,0.939
1047,379,255,255,255,29.024,16.626,117.239,0.703,1.746,0.573,0.889
1048,276,255,255,255,23.799,14.766,31.446,0.628,1.612,0.620,0.830
1049,350,255,255,255,24.079,18.507,3.183,0.899,1.301,0.769,0.949
1050,366,255,255,255,25.958,17.952,137.148,0.871,1.446,0.692,0.935
1051,316,255,255,255,21.443,18.764,93.256,0.923,1.143,0.875,0.936
1052,405,255,255,255,24.607,20.956,16.410,0.736,1.174,0.852,0.906
1053,474,255,255,255,25.427,23.736,151.666,0.884,1.071,0.933,0.946
1054,359,255,255,255,22.830,20.021,75.594,0.947,1.140,0.877,0.948
1055,436,255,255,255,24.831,22.356,37.123,0.918,1.111,0.900,0.945
1056,430,255,255,255,30.047,18.221,70.349,0.823,1.649,0.606,0.934
1057,310,255,255,255,21.374,18.467,90.452,0.799,1.157,0.864,0.920
1058,497,255,255,255,27.745,22.808,110.246,0.919,1.216,0.822,0.955
1059,260,255,255,255,18.736,17.669,116.368,0.927,1.060,0.943,0.932
1060,211,255,255,255,17.746,15.139,2.705,0.970,1.172,0.853,0.950
1061,431,255,255,255,25.909,21.181,48.608,0.921,1.223,0.818,0.948
1062,465,255,255,255,28.845,20.526,144.569,0.833,1.405,0.712,0.928
1063,275,255,255,255,20.418,17.149,97.068,0.918,1.191,0.840,0.935
1064,356,255,255,255,22.738,19.935,100.979,0.939,1.141,0.877,0.948
1065,272,255,255,255,19.706,17.574,43.325,0.926,1.121,0.892,0.935
1066,391,255,255,255,29.171,17.066,45.412,0.576,1.709,0.585,0.805
1067,174,255,255,255,18.028,12.289,87.990,0.873,1.467,0.682,0.933
1068,354,255,255,255,25.857,17.432,127.900,0.780,1.483,0.674,0.907
1069,185,255,255,255,18.928,12.444,54.551,0.843,1.521,0.657,0.905
1070,300,255,255,255,21.917,17.428,74.295,0.876,1.258,0.795,0.927
1071,315,255,255,255,21.630,18.543,150.254,0.944,1.166,0.857,0.950
1072,280,255,255,255,21.572,16.526,10.173,0.924,1.305,0.766,0.949
1073,377,255,255,255,25.600,18.751,139.453,0.772,1.365,0.732,0.900
1074,464,255,255,255,26.108,22.629,100.841,0.901,1.154,0.867,0.945
1075,202,255,255,255,20.338,12.646,133.325,0.865,1.608,0.622,0.916
1076,439,255,255,255,24.331,22.973,176.886,0.919,1.059,0.944,0.943
1077,286,255,255,255,23.462,15.521,97.675,0.806,1.512,0.662,0.915
1078,419,255,255,255,26.239,20.332,52.046,0.833,1.290,0.775,0.943
1079,496,255,255,255,32.674,19.328,18.556,0.803,1.691,0.592,0.915
1080,401,255,255,255,25.592,19.950,142.062,0.682,1.283,0.780,0.892
1081,402,255,255,255,24.618,20.791,91.828,0.926,1.184,0.845,0.946
1082,280,255,255,255,21.550,16.543,27.755,0.910,1.303,0.768,0.930
1083,283,255,255,255,23.630,15.249,41.788,0.712,1.550,0.645,0.896
1084,243,255,255,255,19.865,15.575,156.277,0.860,1.275,0.784,0.908
1085,364,255,255,255,22.972,20.175,57.285,0.929,1.139,0.878,0.947
1086,410,255,255,255,24.170,21.598,42.371,0.902,1.119,0.894,0.938
1087,484,255,255,255,27.408,22.484,170.416,0.908,1.219,0.820,0.947
1088,442,255,255,255,26.168,21.506,28.714,0.909,1.217,0.822,0.951
1089,302,255,255,255,20.480,18.775,51.819,0.938,1.091,0.917,0.944
1090,497,255,255,255,27.397,23.097,161.994,0.896,1.186,0.843,0.945
1091,377,255,255,255,24.306,19.749,43.097,0.924,1.231,0.813,0.947
1092,287,255,255,255,21.579,16.934,89.577,0.915,1.274,0.785,0.941
1093,408,255,255,255,23.360,22.238,155.225,0.920,1.050,0.952,0.941
1094,255,255,255,255,18.866,17.210,74.784,0.935,1.096,0.912,0.946
1095,410,255,255,255,24.749,21.093,98.032,0.896,1.173,0.852,0.947
1096,291,255,255,255,28.306,13.090,46.714,0.734,2.162,0.462,0.900
1097,280,255,255,255,20.091,17.745,117.632,0.886,1.132,0.883,0.927
1098,275,255,255,255,24.143,14.503,62.871,0.877,1.665,0.601,0.945
1099,355,255,255,255,21.863,20.675,101.592,0.813,1.057,0.946,0.911
1100,294,255,255,255,21.651,17.290,55.231,0.913,1.252,0.799,0.933
1101,266,255,255,255,21.320,15.886,66.325,0.826,1.342,0.745,0.911
1102,420,255,255,255,23.648,22.613,10.973,0.918,1.046,0.956,0.941
1103,293,255,255,255,21.493,17.358,75.130,0.794,1.238,0.808,0.924
1104,379,255,255,255,23.065,20.921,104.096,0.917,1.102,0.907,0.948
1105,326,255,255,255,24.327,17.063,112.644,0.788,1.426,0.701,0.913
1106,300,255,255,255,22.365,17.079,103.893,0.905,1.309,0.764,0.945
1107,491,255,255,255,26.418,23.664,116.101,0.935,1.116,0.896,0.953
1108,301,255,255,255,22.079,17.358,70.768,0.870,1.272,0.786,0.928
1109,278,255,255,255,21.397,16.542,0.243,0.842,1.293,0.773,0.927
1110,482,255,255,255,28.044,21.883,119.297,0.886,1.282,0.780,0.949
1111,316,255,255,255,23.139,17.388,106.131,0.891,1.331,0.751,0.938
1112,496,255,255,255,26.685,23.666,157.745,0.912,1.128,0.887,0.947
1113,296,255,255,255,20.852,18.074,54.322,0.944,1.154,0.867,0.944
1114,285,255,255,255,21.140,17.166,161.311,0.926,1.232,0.812,0.938
1115,487,255,255,255,27.231,22.771,59.097,0.914,1.196,0.836,0.952
1116,299,255,255,255,22.123,17.208,83.312,0.889,1.286,0.778,0.923
1117,288,255,255,255,20.570,17.827,113.089,0.943,1.154,0.867,0.947
1118,308,255,255,255,24.788,15.820,73.995,0.701,1.567,0.638,0.866
1119,343,255,255,255,22.146,19.721,22.414,0.884,1.123,0.890,0.937
1120,471,255,255,255,26.840,22.344,47.615,0.896,1.201,0.832,0.946
1121,361,255,255,255,23.962,19.182,115.158,0.921,1.249,0.801,0.948
1122,311,255,255,255,25.769,15.366,88.966,0.686,1.677,0.596,0.877
1123,351,255,255,255,26.776,16.691,65.680,0.752,1.604,0.623,0.901
1124,426,255,255,255,25.585,21.200,15.964,0.917,1.207,0.829,0.942
1125,279,255,255,255,21.495,16.527,37.534,0.585,1.301,0.769,0.851
1126,312,255,255,255,20.763,19.133,49.334,0.904,1.085,0.922,0.923
1127,284,255,255,255,22.396,16.146,120.678,0.866,1.387,0.721,0.928
1128,338,255,255,255,21.962,19.595,95.491,0.769,1.121,0.892,0.920
1129,268,255,255,255,20.396,16.731,93.075,0.623,1.219,0.820,0.830
1130,314,255,255,255,21.845,18.301,148.701,0.817,1.194,0.838,0.915
1131,351,255,255,255,23.080,19.364,42.195,0.883,1.192,0.839,0.934
1132,412,255,255,255,26.342,19.914,175.962,0.862,1.323,0.756,0.933
1133,298,255,255,255,20.546,18.467,156.694,0.899,1.113,0.899,0.943
1134,381,255,255,255,24.897,19.484,38.265,0.878,1.278,0.783,0.934
1135,418,255,255,255,24.247,21.949,169.652,0.934,1.105,0.905,0.951
1136,309,255,255,255,21.009,18.726,128.901,0.919,1.122,0.891,0.934
1137,341,255,255,255,22.329,19.445,60.589,0.915,1.148,0.871,0.933
1138,303,255,255,255,20.769,18.575,87.241,0.842,1.118,0.894,0.907
1139,357,255,255,255,22.666,20.054,91.342,0.890,1.130,0.885,0.936
1140,320,255,255,255,22.224,18.334,107.932,0.787,1.212,0.825,0.918
1141,330,255,255,255,22.770,18.453,163.374,0.908,1.234,0.810,0.938
1142,366,255,255,255,22.322,20.876,124.708,0.891,1.069,0.935,0.943
1143,295,255,255,255,21.917,17.138,31.362,0.613,1.279,0.782,0.866
1144,273,255,255,255,20.092,17.300,34.201,0.904,1.161,0.861,0.925
1145,423,255,255,255,24.572,21.919,109.749,0.885,1.121,0.892,0.932
1146,318,255,255,255,23.345,17.344,144.525,0.899,1.346,0.743,0.933
1147,306,255,255,255,24.955,15.612,23.123,0.842,1.598,0.626,0.927
1148,405,255,255,255,24.193,21.315,170.904,0.925,1.135,0.881,0.951
1149,330,255,255,255,21.339,19.691,53.355,0.883,1.084,0.923,0.930
1150,371,255,255,255,26.945,17.531,130.523,0.712,1.537,0.651,0.893
1151,354,255,255,255,24.047,18.744,57.456,0.897,1.283,0.779,0.938
1152,428,255,255,255,26.170,20.824,107.481,0.826,1.257,0.796,0.942
1153,325,255,255,255,20.555,20.131,34.703,0.858,1.021,0.979,0.930
1154,333,255,255,255,21.557,19.668,52.392,0.916,1.096,0.912,0.941
1155,245,255,255,255,23.690,13.168,161.398,0.502,1.799,0.556,0.787
1156,316,255,255,255,21.841,18.422,59.838,0.930,1.186,0.843,0.949
1157,488,255,255,255,27.673,22.453,25.273,0.910,1.232,0.811,0.944
1158,288,255,255,255,22.229,16.496,165.218,0.895,1.347,0.742,0.935
1159,391,255,255,255,25.009,19.907,167.835,0.922,1.256,0.796,0.946
1160,323,255,255,255,22.179,18.543,72.506,0.855,1.196,0.836,0.911
1161,456,255,255,255,27.394,21.195,6.181,0.841,1.292,0.774,0.929
1162,357,255,255,255,21.485,21.157,146.079,0.863,1.016,0.985,0.935
1163,353,255,255,255,22.670,19.826,35.158,0.894,1.143,0.875,0.934
1164,425,255,255,255,26.026,20.792,69.853,0.895,1.252,0.799,0.934
1165,419,255,255,255,28.035,19.030,0.441,0.838,1.473,0.679,0.941
1166,334,255,255,255,23.679,17.959,13.876,0.887,1.318,0.758,0.945
1167,301,255,255,255,21.454,17.864,72.125,0.848,1.201,0.833,0.916
1168,309,255,255,255,22.409,17.556,166.388,0.909,1.276,0.783,0.938
1169,304,255,255,255,24.649,15.703,147.688,0.557,1.570,0.637,0.825
1170,307,255,255,255,22.260,17.560,56.573,0.853,1.268,0.789,0.916
1171,356,255,255,255,23.138,19.590,33.673,0.908,1.181,0.847,0.941
1172,365,255,255,255,27.308,17.018,155.886,0.737,1.605,0.623,0.897
1173,494,255,255,255,32.537,19.331,63.540,0.811,1.683,0.594,0.936
1174,337,255,255,255,22.581,19.002,164.881,0.866,1.188,0.842,0.930
1175,441,255,255,255,24.494,22.924,58.724,0.895,1.069,0.936,0.938
1176,299,255,255,255,26.082,14.596,150.937,0.816,1.787,0.560,0.923
1177,282,255,255,255,21.166,16.964,60.825,0.803,1.248,0.801,0.922
1178,296,255,255,255,22.850,16.494,13.239,0.843,1.385,0.722,0.929
1179,308,255,255,255,22.601,17.351,106.498,0.868,1.303,0.768,0.932
1180,382,255,255,255,23.706,20.517,129.088,0.875,1.155,0.865,0.928
1181,303,255,255,255,24.588,15.691,114.275,0.728,1.567,0.638,0.883
1182,316,255,255,255,23.423,17.177,176.930,0.882,1.364,0.733,0.936
1183,481,255,255,255,25.869,23.675,20.742,0.927,1.093,0.915,0.960
1184,440,255,255,255,27.150,20.635,117.639,0.899,1.316,0.760,0.946
1185,368,255,255,255,24.049,19.484,178.474,0.867,1.234,0.810,0.935
1186,386,255,255,255,24.831,19.793,160.462,0.813,1.255,0.797,0.939
1187,330,255,255,255,22.519,18.658,14.135,0.836,1.207,0.829,0.924
1188,414,255,255,255,24.469,21.542,102.118,0.925,1.136,0.880,0.943
1189,313,255,255,255,22.673,17.577,93.057,0.876,1.290,0.775,0.932
1190,326,255,255,255,21.226,19.555,20.432,0.935,1.085,0.921,0.945
1191,378,255,255,255,22.782,21.125,162.342,0.912,1.078,0.927,0.940
1192,293,255,255,255,19.713,18.925,97.019,0.903,1.042,0.960,0.935
1193,368,255,255,255,22.565,20.764,35.701,0.917,1.087,0.920,0.942
1194,221,255,255,255,19.339,14.550,124.551,0.906,1.329,0.752,0.925
1195,310,255,255,255,21.795,18.110,159.068,0.887,1.204,0.831,0.945
1196,435,255,255,255,26.734,20.717,178.274,0.870,1.290,0.775,0.941
1197,394,255,255,255,25.516,19.660,108.027,0.861,1.298,0.771,0.925
1198,367,255,255,255,23.562,19.832,65.629,0.873,1.188,0.842,0.933
1199,304,255,255,255,21.130,18.318,22.128,0.901,1.153,0.867,0.941
1200,376,255,255,255,23.233,20.606,137.801,0.886,1.128,0.887,0.928
1201,449,255,255,255,26.108,21.897,51.009,0.917,1.192,0.839,0.956
1202,227,255,255,255,20.308,14.232,15.469,0.928,1.427,0.701,0.958
1203,480,255,255,255,27.124,22.532,135.329,0.927,1.204,0.831,0.952
1204,319,255,255,255,23.832,17.043,77.234,0.915,1.398,0.715,0.948
1205,313,255,255,255,20.727,19.228,46.085,0.799,1.078,0.928,0.899
1206,351,255,255,255,21.865,20.439,85.450,0.849,1.070,0.935,0.924
1207,366,255,255,255,22.530,20.684,91.205,0.943,1.089,0.918,0.946
1208,319,255,255,255,20.502,19.811,162.351,0.932,1.035,0.966,0.945
1209,425,255,255,255,25.502,21.219,70.548,0.895,1.202,0.832,0.937
1210,334,255,255,255,22.327,19.047,160.092,0.881,1.172,0.853,0.928
1211,316,255,255,255,22.736,17.696,87.933,0.891,1.285,0.778,0.939
1212,320,255,255,255,24.211,16.829,28.971,0.853,1.439,0.695,0.922
1213,338,255,255,255,21.852,19.694,146.540,0.907,1.110,0.901,0.934
1214,328,255,255,255,22.780,18.333,89.128,0.746,1.243,0.805,0.907
1215,280,255,255,255,21.445,16.624,28.330,0.900,1.290,0.775,0.933
1216,313,255,255,255,23.055,17.286,68.666,0.905,1.334,0.750,0.947
1217,317,255,255,255,22.060,18.296,139.025,0.950,1.206,0.829,0.952
1218,306,255,255,255,21.533,18.094,92.701,0.907,1.190,0.840,0.949
1219,454,255,255,255,25.919,22.303,125.035,0.908,1.162,0.860,0.942
1220,394,255,255,255,23.922,20.971,85.911,0.593,1.141,0.877,0.857
1221,366,255,255,255,22.857,20.388,72.673,0.921,1.121,0.892,0.934
1222,296,255,255,255,22.198,16.978,95.576,0.843,1.307,0.765,0.914
1223,382,255,255,255,23.582,20.625,166.133,0.915,1.143,0.875,0.943
1224,297,255,255,255,23.157,16.330,52.743,0.883,1.418,0.705,0.934
1225,347,255,255,255,22.385,19.737,96.985,0.945,1.134,0.882,0.955
1226,313,255,255,255,20.882,19.084,175.698,0.898,1.094,0.914,0.936
1227,291,255,255,255,20.340,18.216,9.973,0.894,1.117,0.896,0.934
1228,346,255,255,255,22.849,19.281,92.032,0.913,1.185,0.844,0.939
1229,342,255,255,255,24.355,17.879,146.292,0.902,1.362,0.734,0.938
1230,366,255,255,255,23.812,19.570,139.269,0.921,1.217,0.822,0.942
1231,315,255,255,255,21.831,18.371,32.623,0.944,1.188,0.842,0.952
1232,357,255,255,255,22.957,19.800,82.719,0.828,1.159,0.862,0.919
1233,446,255,255,255,25.497,22.272,11.455,0.945,1.145,0.874,0.957
1234,445,255,255,255,25.911,21.867,84.827,0.935,1.185,0.844,0.967
1235,353,255,255,255,22.229,20.220,34.568,0.901,1.099,0.910,0.943
1236,287,255,255,255,19.630,18.615,88.399,0.908,1.054,0.948,0.923
1237,306,255,255,255,22.314,17.460,104.837,0.871,1.278,0.782,0.926
1238,431,255,255,255,38.252,14.346,14.472,0.584,2.666,0.375,0.851
1239,417,255,255,255,25.630,20.715,132.397,0.911,1.237,0.808,0.946
1240,344,255,255,255,26.010,16.840,146.825,0.838,1.545,0.647,0.919
1241,395,255,255,255,23.737,21.188,101.818,0.925,1.120,0.893,0.943
1242,401,255,255,255,25.331,20.156,73.560,0.863,1.257,0.796,0.930
1243,425,255,255,255,24.946,21.692,64.468,0.914,1.150,0.870,0.944
1244,452,255,255,255,27.005,21.311,143.474,0.918,1.267,0.789,0.952
1245,175,255,255,255,18.571,11.998,45.334,0.882,1.548,0.646,0.923
1246,411,255,255,255,24.666,21.215,42.491,0.962,1.163,0.860,0.958
1247,494,255,255,255,28.695,21.920,84.131,0.908,1.309,0.764,0.952
1248,295,255,255,255,22.725,16.528,32.481,0.893,1.375,0.727,0.931
1249,368,255,255,255,22.590,20.742,171.466,0.917,1.089,0.918,0.938
1250,336,255,255,255,23.081,18.535,74.060,0.863,1.245,0.803,0.928
1251,333,255,255,255,21.570,19.656,52.653,0.932,1.097,0.911,0.938
1252,422,255,255,255,24.593,21.848,170.754,0.877,1.126,0.888,0.937
1253,389,255,255,255,22.756,21.766,115.200,0.844,1.045,0.956,0.911
1254,348,255,255,255,23.349,18.977,28.396,0.828,1.230,0.813,0.927
1255,447,255,255,255,25.993,21.896,145.594,0.908,1.187,0.842,0.950
1256,335,255,255,255,21.662,19.690,25.612,0.937,1.100,0.909,0.944
1257,313,255,255,255,20.677,19.273,15.004,0.870,1.073,0.932,0.922
1258,469,255,255,255,26.540,22.500,48.066,0.933,1.180,0.848,0.950
1259,483,255,255,255,25.476,24.139,167.524,0.938,1.055,0.948,0.957
1260,377,255,255,255,31.017,15.476,6.276,0.693,2.004,0.499,0.873
1261,347,255,255,255,22.639,19.515,37.454,0.938,1.160,0.862,0.948
1262,490,255,255,255,27.241,22.903,80.560,0.933,1.189,0.841,0.954
1263,339,255,255,255,23.416,18.433,174.452,0.939,1.270,0.787,0.955
1264,355,255,255,255,22.959,19.687,137.917,0.921,1.166,0.857,0.949
1265,438,255,255,255,30.576,18.239,70.217,0.834,1.676,0.597,0.938
1266,362,255,255,255,23.018,20.024,88.116,0.902,1.150,0.870,0.940
1267,315,255,255,255,20.883,19.206,21.199,0.927,1.087,0.920,0.955
1268,353,255,255,255,23.233,19.345,23.676,0.859,1.201,0.833,0.933
1269,326,255,255,255,20.968,19.796,25.492,0.890,1.059,0.944,0.934
1270,359,255,255,255,21.608,21.154,76.355,0.910,1.021,0.979,0.936
1271,450,255,255,255,24.392,23.490,53.999,0.914,1.038,0.963,0.949
1272,499,255,255,255,26.309,24.149,142.362,0.931,1.089,0.918,0.954
1273,394,255,255,255,24.728,20.287,133.800,0.908,1.219,0.820,0.940
1274,374,255,255,255,27.093,17.576,154.121,0.830,1.541,0.649,0.930
1275,202,255,255,255,20.040,12.834,134.842,0.892,1.561,0.640,0.927
1276,213,255,255,255,19.975,13.577,111.048,0.881,1.471,0.680,0.932
1277,365,255,255,255,25.222,18.425,174.542,0.810,1.369,0.731,0.926
1278,484,255,255,255,26.865,22.939,96.721,0.908,1.171,0.854,0.946
1279,415,255,255,255,24.485,21.581,168.406,0.813,1.135,0.881,0.904
1280,386,255,255,255,25.384,19.362,38.425,0.925,1.311,0.763,0.951
1281,319,255,255,255,22.347,18.175,65.713,0.915,1.230,0.813,0.937
1282,349,255,255,255,22.846,19.451,105.534,0.912,1.175,0.851,0.942
1283,419,255,255,255,26.134,20.413,102.716,0.915,1.280,0.781,0.947
1284,410,255,255,255,24.407,21.389,130.828,0.902,1.141,0.876,0.938
1285,372,255,255,255,24.620,19.238,142.489,0.885,1.280,0.781,0.935
1286,393,255,255,255,23.681,21.130,112.355,0.892,1.121,0.892,0.935
1287,312,255,255,255,21.641,18.357,67.788,0.904,1.179,0.848,0.931
1288,321,255,255,255,22.064,18.524,78.345,0.911,1.191,0.840,0.943
1289,424,255,255,255,24.993,21.600,92.142,0.926,1.157,0.864,0.947
1290,251,255,255,255,18.955,16.860,159.718,0.940,1.124,0.889,0.940
1291,353,255,255,255,23.555,19.081,104.133,0.894,1.234,0.810,0.944
1292,352,255,255,255,22.707,19.738,109.319,0.898,1.150,0.869,0.936
1293,325,255,255,255,21.473,19.270,64.917,0.916,1.114,0.897,0.939
1294,377,255,255,255,24.413,19.662,70.676,0.772,1.242,0.805,0.917
1295,267,255,255,255,19.878,17.102,72.397,0.926,1.162,0.860,0.934
1296,395,255,255,255,24.842,20.245,81.886,0.916,1.227,0.815,0.950
1297,414,255,255,255,24.991,21.092,107.362,0.872,1.185,0.844,0.937
1298,390,255,255,255,22.572,21.999,1.795,0.893,1.026,0.975,0.934
1299,414,255,255,255,23.850,22.101,40.111,0.899,1.079,0.927,0.937
1300,279,255,255,255,19.628,18.098,68.080,0.957,1.085,0.922,0.952
1301,298,255,255,255,20.205,18.779,1.944,0.864,1.076,0.929,0.936
1302,394,255,255,255,26.867,18.672,36.026,0.752,1.439,0.695,0.901
1303,379,255,255,255,23.666,20.390,51.767,0.849,1.161,0.862,0.931
1304,277,255,255,255,20.753,16.994,131.324,0.943,1.221,0.819,0.944
1305,347,255,255,255,21.907,20.168,1.434,0.938,1.086,0.921,0.947
1306,355,255,255,255,23.416,19.303,114.452,0.893,1.213,0.824,0.938
1307,349,255,255,255,22.642,19.626,47.516,0.893,1.154,0.867,0.922
1308,404,255,255,255,25.911,19.852,52.592,0.891,1.305,0.766,0.942
1309,405,255,255,255,24.915,20.696,13.702,0.853,1.204,0.831,0.933
1310,399,255,255,255,25.454,19.959,137.559,0.905,1.275,0.784,0.942
1311,395,255,255,255,26.232,19.172,76.172,0.863,1.368,0.731,0.940
1312,406,255,255,255,25.381,20.367,99.168,0.901,1.246,0.802,0.937
1313,334,255,255,255,21.613,19.676,14.188,0.925,1.098,0.910,0.944
1314,395,255,255,255,24.427,20.589,88.591,0.910,1.186,0.843,0.938
1315,394,255,255,255,23.597,21.259,12.863,0.920,1.110,0.901,0.947
1316,358,255,255,255,22.688,20.090,131.144,0.907,1.129,0.885,0.936
1317,376,255,255,255,25.060,19.104,45.746,0.867,1.312,0.762,0.927
1318,384,255,255,255,23.760,20.577,171.318,0.841,1.155,0.866,0.929
1319,390,255,255,255,23.759,20.900,42.573,0.879,1.137,0.880,0.936
1320,414,255,255,255,25.984,20.287,145.043,0.925,1.281,0.781,0.953
1321,371,255,255,255,24.273,19.460,44.687,0.883,1.247,0.802,0.932
1322,482,255,255,255,27.508,22.310,91.233,0.904,1.233,0.811,0.949
1323,490,255,255,255,27.826,22.421,135.981,0.922,1.241,0.806,0.950
1324,331,255,255,255,21.408,19.686,46.666,0.926,1.087,0.920,0.942
1325,345,255,255,255,22.420,19.593,93.438,0.939,1.144,0.874,0.956
1326,374,255,255,255,27.254,17.472,112.844,0.843,1.560,0.641,0.934
1327,361,255,255,255,23.788,19.323,119.311,0.827,1.231,0.812,0.926
1328,359,255,255,255,22.949,19.917,169.234,0.709,1.152,0.868,0.897
1329,398,255,255,255,29.386,17.244,22.410,0.825,1.704,0.587,0.936
1330,332,255,255,255,23.997,17.615,170.017,0.904,1.362,0.734,0.945
1331,484,255,255,255,25.307,24.351,86.079,0.903,1.039,0.962,0.943
1332,342,255,255,255,22.720,19.166,169.730,0.887,1.185,0.844,0.938
1333,351,255,255,255,22.305,20.036,155.997,0.904,1.113,0.898,0.929
1334,354,255,255,255,22.952,19.638,1.659,0.918,1.169,0.856,0.944
1335,461,255,255,255,26.230,22.377,2.349,0.928,1.172,0.853,0.952
1336,492,255,255,255,27.862,22.483,104.278,0.910,1.239,0.807,0.948
1337,311,255,255,255,22.864,17.319,171.745,0.562,1.320,0.757,0.854
1338,329,255,255,255,21.160,19.796,115.732,0.921,1.069,0.936,0.937
1339,355,255,255,255,26.475,17.073,30.172,0.771,1.551,0.645,0.903
1340,346,255,255,255,23.452,18.785,123.739,0.929,1.248,0.801,0.947
1341,428,255,255,255,25.089,21.720,28.997,0.921,1.155,0.866,0.949
1342,351,255,255,255,22.635,19.744,112.322,0.920,1.146,0.872,0.937
1343,341,255,255,255,22.122,19.626,162.578,0.922,1.127,0.887,0.942
1344,373,255,255,255,26.997,17.592,51.071,0.776,1.535,0.652,0.901
1345,468,255,255,255,26.260,22.692,146.355,0.931,1.157,0.864,0.949
1346,341,255,255,255,26.320,16.496,126.830,0.811,1.596,0.627,0.933
1347,399,255,255,255,26.315,19.305,171.509,0.872,1.363,0.734,0.937
1348,364,255,255,255,27.348,16.947,38.430,0.839,1.614,0.620,0.925
1349,447,255,255,255,24.674,23.066,179.094,0.894,1.070,0.935,0.935
1350,480,255,255,255,26.707,22.884,40.714,0.877,1.167,0.857,0.930
1351,360,255,255,255,24.395,18.789,59.925,0.882,1.298,0.770,0.946
1352,459,255,255,255,24.545,23.810,172.712,0.905,1.031,0.970,0.939
1353,368,255,255,255,24.499,19.125,77.049,0.902,1.281,0.781,0.947
1354,404,255,255,255,24.044,21.393,64.713,0.840,1.124,0.890,0.926
1355,427,255,255,255,24.469,22.219,101.598,0.927,1.101,0.908,0.941
1356,382,255,255,255,26.590,18.291,144.180,0.824,1.454,0.688,0.924
1357,341,255,255,255,22.375,19.404,64.256,0.938,1.153,0.867,0.947
1358,488,255,255,255,28.005,22.187,16.583,0.872,1.262,0.792,0.938
1359,352,255,255,255,22.366,20.039,129.220,0.929,1.116,0.896,0.941
1360,330,255,255,255,21.463,19.576,133.500,0.901,1.096,0.912,0.932
1361,379,255,255,255,23.641,20.412,177.197,0.873,1.158,0.863,0.927
1362,421,255,255,255,25.147,21.316,20.197,0.868,1.180,0.848,0.924
1363,396,255,255,255,23.503,21.453,168.380,0.927,1.096,0.913,0.943
1364,370,255,255,255,23.867,19.739,152.843,0.901,1.209,0.827,0.932
1365,500,255,255,255,26.139,24.355,112.439,0.889,1.073,0.932,0.943
1366,429,255,255,255,25.508,21.414,158.611,0.929,1.191,0.840,0.958
1367,364,255,255,255,24.150,19.191,43.642,0.886,1.258,0.795,0.931
1368,384,255,255,255,23.744,20.592,141.912,0.841,1.153,0.867,0.924
1369,394,255,255,255,24.088,20.826,10.727,0.914,1.157,0.865,0.949
1370,343,255,255,255,22.135,19.730,58.299,0.905,1.122,0.891,0.932
1371,400,255,255,255,23.202,21.951,106.473,0.863,1.057,0.946,0.926
1372,373,255,255,255,24.404,19.461,36.309,0.894,1.254,0.797,0.929
1373,311,255,255,255,22.793,17.373,17.791,0.892,1.312,0.762,0.934
1374,382,255,255,255,25.802,18.850,102.738,0.861,1.369,0.731,0.934
1375,406,255,255,255,23.702,21.810,48.290,0.936,1.087,0.920,0.950
1376,477,255,255,255,26.824,22.642,2.659,0.870,1.185,0.844,0.942
1377,387,255,255,255,24.700,19.949,97.952,0.912,1.238,0.808,0.953
1378,379,255,255,255,23.696,20.365,96.350,0.929,1.164,0.859,0.951
1379,436,255,255,255,26.923,20.619,21.216,0.854,1.306,0.766,0.926
1380,408,255,255,255,26.154,19.862,31.983,0.848,1.317,0.759,0.919
1381,398,255,255,255,25.721,19.702,164.498,0.903,1.306,0.766,0.943
1382,326,255,255,255,20.767,19.987,87.147,0.912,1.039,0.962,0.934
1383,377,255,255,255,22.355,21.472,159.765,0.889,1.041,0.961,0.947
1384,450,255,255,255,25.101,22.826,20.556,0.876,1.100,0.909,0.923
1385,267,255,255,255,19.411,17.513,112.928,0.901,1.108,0.902,0.919
1386,321,255,255,255,21.367,19.128,84.366,0.905,1.117,0.895,0.930
1387,396,255,255,255,23.777,21.205,122.472,0.873,1.121,0.892,0.926
1388,394,255,255,255,23.229,21.597,78.824,0.888,1.076,0.930,0.935
1389,439,255,255,255,24.629,22.695,96.624,0.865,1.085,0.921,0.939
1390,357,255,255,255,24.006,18.934,131.969,0.847,1.268,0.789,0.918
1391,398,255,255,255,23.521,21.544,56.535,0.897,1.092,0.916,0.941
1392,431,255,255,255,25.042,21.914,179.103,0.907,1.143,0.875,0.942
1393,419,255,255,255,23.739,22.473,51.043,0.882,1.056,0.947,0.934
1394,377,255,255,255,24.678,19.451,102.519,0.875,1.269,0.788,0.947
1395,361,255,255,255,23.405,19.639,173.134,0.906,1.192,0.839,0.934
1396,394,255,255,255,25.200,19.907,121.008,0.929,1.266,0.790,0.955
1397,280,255,255,255,23.293,15.306,91.564,0.883,1.522,0.657,0.948
1398,245,255,255,255,21.708,14.370,78.699,0.857,1.511,0.662,0.933
1399,406,255,255,255,24.594,21.019,59.103,0.915,1.170,0.855,0.940
1400,237,255,255,255,18.760,16.085,137.342,0.887,1.166,0.857,0.915
1401,367,255,255,255,23.681,19.732,25.065,0.894,1.200,0.833,0.935
1402,385,255,255,255,23.790,20.605,124.713,0.908,1.155,0.866,0.941
1403,382,255,255,255,24.028,20.242,46.929,0.895,1.187,0.842,0.942
1404,413,255,255,255,25.302,20.783,67.724,0.816,1.217,0.821,0.928
1405,362,255,255,255,21.830,21.114,43.766,0.881,1.034,0.967,0.932
1406,330,255,255,255,26.458,15.880,81.543,0.822,1.666,0.600,0.939
1407,292,255,255,255,19.683,18.888,171.535,0.931,1.042,0.960,0.943
1408,380,255,255,255,23.299,20.766,20.816,0.932,1.122,0.891,0.952
1409,376,255,255,255,24.347,19.663,139.871,0.847,1.238,0.808,0.925
1410,410,255,255,255,25.373,20.574,11.654,0.882,1.233,0.811,0.944
1411,471,255,255,255,27.348,21.928,118.630,0.904,1.247,0.802,0.946
1412,252,255,255,255,18.616,17.235,126.467,0.935,1.080,0.926,0.932
1413,483,255,255,255,28.837,21.326,158.515,0.847,1.352,0.740,0.926
1414,421,255,255,255,25.766,20.804,18.836,0.906,1.238,0.807,0.952
1415,303,255,255,255,21.906,17.611,115.716,0.833,1.244,0.804,0.909
1416,338,255,255,255,25.647,16.780,45.957,0.856,1.528,0.654,0.920
1417,291,255,255,255,20.495,18.078,56.699,0.874,1.134,0.882,0.917
